Fecha y hora,CO (ppm),NO (ppb),NO2 (ppb),O3 (ppb),SR (kW/m2)
2022-01-01 00:00:00,4.73,53.0,46.1,9.0,0.0
2022-01-01 06:00:00,2.78,27.7,39.6,3.0,0.0
2022-01-01 12:00:00,0.84,4.0,7.1,23.0,0.526
2022-01-01 18:00:00,0.97,4.3,19.5,31.0,0.007000000000000006
2022-01-02 00:00:00,3.2,106.5,40.4,4.0,0.0
2022-01-02 06:00:00,0.72,2.6,4.9,32.0,0.0
2022-01-02 12:00:00,0.79,4.6,7.0,27.0,0.538
2022-01-02 18:00:00,0.85,3.9,12.0,30.0,0.009000000000000008
2022-01-03 00:00:00,0.81,3.0,13.8,28.0,0.006000000000000005
2022-01-03 06:00:00,0.8,3.1,13.3,28.0,0.0
2022-01-03 12:00:00,0.84,6.9,12.4,38.0,0.542
2022-01-03 18:00:00,0.87,5.2,15.1,36.0,0.008000000000000007
2022-01-04 00:00:00,0.86,4.0,15.4,27.0,0.0
2022-01-04 06:00:00,0.93,5.5,30.2,10.0,0.0
2022-01-04 12:00:00,1.27,22.1,35.1,25.0,0.507
2022-01-04 18:00:00,1.18,3.8,30.3,45.0,0.01000000000000001
2022-01-05 00:00:00,4.27,160.9,66.4,4.0,0.0
2022-01-05 06:00:00,2.1,72.2,54.8,6.399999999999999,0.0
2022-01-05 12:00:00,1.8,21.1,49.9,22.0,0.549
2022-01-05 18:00:00,1.08,7.8,29.5,50.0,0.009000000000000008
2022-01-06 00:00:00,2.83,85.1,57.1,4.0,0.0
2022-01-06 06:00:00,1.8,43.7,54.7,6.200000000000003,0.0
2022-01-06 12:00:00,1.41,10.7,37.4,44.0,0.537
2022-01-06 18:00:00,1.12,4.6,25.0,53.0,0.01100000000000001
2022-01-07 00:00:00,1.24,5.099999999999999,33.3,26.0,0.0
2022-01-07 06:00:00,0.9099999999999999,3.1,17.5,18.0,0.0
2022-01-07 12:00:00,1.17,8.3,17.5,20.0,0.144
2022-01-07 18:00:00,1.45,22.9,39.8,4.0,0.001000000000000001
2022-01-08 00:00:00,1.15,3.9,15.2,14.0,0.0
2022-01-08 06:00:00,1.19,16.7,27.2,2.0,0.0
2022-01-08 12:00:00,1.57,13.6,32.2,29.0,0.497
2022-01-08 18:00:00,1.87,8.0,49.8,82.0,0.033
2022-01-09 00:00:00,3.45,65.1,34.3,3.0,0.0
2022-01-09 06:00:00,3.48,103.8,47.5,4.199999999999999,0.0
2022-01-09 12:00:00,1.32,4.5,18.6,45.0,0.502
2022-01-09 18:00:00,1.18,3.7,10.7,34.0,0.01899999999999999
2022-01-10 00:00:00,0.89,3.0,9.5,30.0,0.0
2022-01-10 06:00:00,0.84,3.1,9.3,22.0,0.0
2022-01-10 12:00:00,0.94,7.8,13.3,18.0,0.09
2022-01-10 18:00:00,1.01,4.3,16.0,20.0,0.004000000000000004
2022-01-11 00:00:00,0.9099999999999999,3.0,11.7,21.0,0.0
2022-01-11 06:00:00,0.87,2.9,15.3,21.0,0.0
2022-01-11 12:00:00,1.32,20.3,29.2,11.0,0.129
2022-01-11 18:00:00,1.01,5.4,15.7,39.0,0.03699999999999999
2022-01-12 00:00:00,1.13,4.900000000000001,22.8,19.0,0.0
2022-01-12 06:00:00,1.3,84.00000000000001,39.8,3.0,0.0
2022-01-12 12:00:00,1.57,18.9,33.0,14.0,0.165
2022-01-12 18:00:00,1.56,11.4,44.2,17.0,0.026
2022-01-13 00:00:00,1.72,37.3,37.4,3.0,0.0
2022-01-13 06:00:00,2.14,126.4,40.7,4.799999999999997,0.0
2022-01-13 12:00:00,1.65,23.8,48.0,23.0,0.529
2022-01-13 18:00:00,1.55,8.3,43.1,48.0,0.01100000000000001
2022-01-14 00:00:00,1.77,17.2,60.39999999999999,6.0,0.0
2022-01-14 06:00:00,2.4,90.6,47.3,4.200000000000003,0.0
2022-01-14 12:00:00,1.66,15.0,43.5,38.0,0.526
2022-01-14 18:00:00,1.3,6.7,29.2,65.0,0.01200000000000001
2022-01-15 00:00:00,4.94,218.4,76.80000000000001,4.0,0.0
2022-01-15 06:00:00,1.434,5.88,8.259999999999998,13.8,0.0
2022-01-15 12:00:00,0.1300000000000001,0.5999999999999979,1.1,4.0,0.061
2022-01-15 18:00:00,0.99,4.3,12.3,33.0,0.01499999999999999
2022-01-16 00:00:00,1.09,4.1,17.8,22.0,0.0
2022-01-16 06:00:00,0.97,2.6,17.4,18.0,0.0
2022-01-16 12:00:00,1.06,10.8,16.2,34.0,0.541
2022-01-16 18:00:00,1.1,6.0,14.3,43.0,0.01200000000000001
2022-01-17 00:00:00,1.91,33.5,43.4,4.0,0.0
2022-01-17 06:00:00,1.6,27.1,36.6,5.399999999999999,0.0
2022-01-17 12:00:00,2.25,53.0,77.8,17.0,0.547
2022-01-17 18:00:00,1.02,4.7,19.5,63.0,0.01400000000000001
2022-01-18 00:00:00,1.08,3.9,23.3,20.0,0.0
2022-01-18 06:00:00,1.3,37.5,36.7,2.0,0.0
2022-01-18 12:00:00,1.434,5.88,8.259999999999998,13.8,0.0
2022-01-18 18:00:00,1.434,5.88,8.259999999999998,13.8,0.0
2022-01-19 00:00:00,1.434,5.88,8.259999999999998,13.8,0.0
2022-01-19 06:00:00,1.434,5.88,8.259999999999998,13.8,0.0
2022-01-19 12:00:00,1.434,5.88,8.259999999999998,13.8,0.0
2022-01-19 18:00:00,1.23,7.5,21.8,23.0,0.073
2022-01-20 00:00:00,1.37,12.5,37.5,7.0,0.0
2022-01-20 06:00:00,0.9099999999999999,4.7,9.8,29.0,0.0
2022-01-20 12:00:00,0.8799999999999999,5.6,8.7,23.0,0.36
2022-01-20 18:00:00,0.89,5.000000000000001,12.3,20.0,0.01799999999999999
2022-01-21 00:00:00,0.81,3.6,10.5,22.0,0.0
2022-01-21 06:00:00,0.87,3.7,9.1,17.0,0.0
2022-01-21 12:00:00,0.98,9.0,13.4,16.0,0.139
2022-01-21 18:00:00,1.31,14.4,29.0,10.0,0.035
2022-01-22 00:00:00,1.07,5.9,15.0,8.0,0.0
2022-01-22 06:00:00,0.92,3.9,13.0,17.0,0.0
2022-01-22 12:00:00,1.13,9.5,18.9,17.0,0.104
2022-01-22 18:00:00,1.23,13.7,27.0,8.0,0.01000000000000001
2022-01-23 00:00:00,1.12,6.0,20.1,5.0,0.0
2022-01-23 06:00:00,0.98,4.4,11.3,14.0,0.0
2022-01-23 12:00:00,1.08,6.5,11.5,21.0,0.08
2022-01-23 18:00:00,1.23,5.9,17.8,15.0,0.001000000000000001
2022-01-24 00:00:00,1.21,6.800000000000001,14.2,13.0,0.0
2022-01-24 06:00:00,1.08,7.0,16.3,6.0,0.0
2022-01-24 12:00:00,1.25,24.4,18.7,6.0,0.076
2022-01-24 18:00:00,2.97,62.7,37.5,3.0,0.01400000000000001
2022-01-25 00:00:00,3.23,152.1,29.3,4.399999999999999,0.0
2022-01-25 06:00:00,1.69,66.3,23.3,3.799999999999997,0.0
2022-01-25 12:00:00,1.35,19.6,18.3,23.0,0.536
2022-01-25 18:00:00,1.25,9.2,20.3,45.0,0.074
2022-01-26 00:00:00,1.12,7.5,13.7,28.0,0.0
2022-01-26 06:00:00,1.03,5.6,9.8,27.0,0.0
2022-01-26 12:00:00,1.31,11.6,14.8,19.0,0.109
2022-01-26 18:00:00,1.37,12.4,19.9,13.0,0.01799999999999999
2022-01-27 00:00:00,1.32,8.5,29.3,8.0,0.0
2022-01-27 06:00:00,1.11,8.9,20.6,3.0,0.0
2022-01-27 12:00:00,1.47,18.4,17.9,13.0,0.091
2022-01-27 18:00:00,1.43,13.8,27.0,9.0,0.004000000000000004
2022-01-28 00:00:00,1.3,11.6,20.1,3.0,0.0
2022-01-28 06:00:00,1.08,6.6,9.5,10.0,0.0
2022-01-28 12:00:00,1.08,5.9,9.2,29.0,0.083
2022-01-28 18:00:00,1.16,9.7,17.8,11.0,0.01599999999999999
2022-01-29 00:00:00,1.15,7.2,18.0,10.0,0.0
2022-01-29 06:00:00,0.99,5.7,13.5,12.0,0.0
2022-01-29 12:00:00,1.09,9.7,9.6,39.0,0.53
2022-01-29 18:00:00,1.08,8.7,12.3,37.0,0.096
2022-01-30 00:00:00,1.4,7.3,23.4,17.0,0.0
2022-01-30 06:00:00,1.3,13.4,31.1,4.0,0.0
2022-01-30 12:00:00,1.11,10.2,15.4,36.0,0.542
2022-01-30 18:00:00,1.28,7.9,14.3,39.0,0.111
2022-01-31 00:00:00,1.23,8.5,14.3,21.0,0.0
2022-01-31 06:00:00,1.11,6.1,13.1,18.0,0.0
2022-01-31 12:00:00,1.14,8.3,11.5,37.0,0.542
2022-01-31 18:00:00,1.17,8.6,19.6,40.0,0.104
2022-02-01 00:00:00,1.434,5.88,8.259999999999998,13.8,0.0
2022-02-01 06:00:00,1.44,24.2,30.2,3.0,0.0
2022-02-01 12:00:00,1.28,11.1,15.3,43.0,0.549
2022-02-01 18:00:00,1.15,8.3,14.6,43.0,0.104
2022-02-02 00:00:00,1.21,7.0,15.4,22.0,0.0
2022-02-02 06:00:00,1.1,5.9,7.9,22.0,0.0
2022-02-02 12:00:00,1.22,10.1,14.3,33.0,0.537
2022-02-02 18:00:00,1.26,9.3,18.0,30.0,0.084
2022-02-03 00:00:00,1.16,7.4,12.9,19.0,0.0
2022-02-03 06:00:00,0.97,6.2,7.1,14.0,0.0
2022-02-03 12:00:00,1.0,8.2,8.5,13.0,0.095
2022-02-03 18:00:00,0.96,6.2,9.3,19.0,0.009000000000000008
2022-02-04 00:00:00,0.87,4.7,6.9,22.0,0.0
2022-02-04 06:00:00,0.83,4.3,5.9,26.0,0.0
2022-02-04 12:00:00,0.92,7.2,8.3,24.0,0.243
2022-02-04 18:00:00,1.434,5.88,8.259999999999998,13.8,0.0
2022-02-05 00:00:00,0.85,4.2,14.7,26.0,0.0
2022-02-05 06:00:00,0.95,6.2,29.8,8.0,0.0
2022-02-05 12:00:00,1.27,22.4,25.9,26.0,0.553
2022-02-05 18:00:00,0.94,6.1,11.2,40.0,0.118
2022-02-06 00:00:00,1.03,6.3,14.9,29.0,0.0
2022-02-06 06:00:00,0.96,4.6,21.4,14.0,0.0
2022-02-06 12:00:00,1.02,10.1,17.1,37.0,0.503
2022-02-06 18:00:00,1.2,6.0,18.9,53.0,0.05
2022-02-07 00:00:00,1.49,7.1,25.8,8.0,0.0
2022-02-07 06:00:00,1.29,14.1,24.9,2.0,0.0
2022-02-07 12:00:00,0.98,7.8,12.8,31.0,0.151
2022-02-07 18:00:00,0.99,5.3,13.4,34.0,0.02099999999999999
2022-02-08 00:00:00,1.44,18.6,36.2,4.0,0.0
2022-02-08 06:00:00,1.65,62.5,31.2,3.799999999999997,0.0
2022-02-08 12:00:00,0.95,10.4,11.8,42.0,0.586
2022-02-08 18:00:00,1.01,5.9,18.1,69.0,0.119
2022-02-09 00:00:00,1.04,6.6,25.3,21.0,0.0
2022-02-09 06:00:00,1.04,7.6,32.4,9.0,0.0
2022-02-09 12:00:00,1.16,11.1,21.4,43.0,0.592
2022-02-09 18:00:00,1.03,4.8,17.4,70.0,0.122
2022-02-10 00:00:00,1.02,6.7,13.2,29.0,0.0
2022-02-10 06:00:00,1.12,5.6,21.9,13.0,0.0
2022-02-10 12:00:00,1.16,13.3,22.3,37.0,0.483
2022-02-10 18:00:00,1.13,6.2,17.0,56.0,0.061
2022-02-11 00:00:00,1.06,7.0,8.5,32.0,0.0
2022-02-11 06:00:00,1.13,8.6,16.6,19.0,0.0
2022-02-11 12:00:00,1.73,21.6,37.4,35.0,0.552
2022-02-11 18:00:00,1.15,9.6,14.2,41.0,0.115
2022-02-12 00:00:00,1.19,9.2,15.4,16.0,0.0
2022-02-12 06:00:00,1.17,7.0,17.1,13.0,0.0
2022-02-12 12:00:00,1.05,8.1,8.600000000000001,37.0,0.579
2022-02-12 18:00:00,0.94,5.4,9.2,38.0,0.03900000000000001
2022-02-13 00:00:00,0.99,6.0,12.7,27.0,0.0
2022-02-13 06:00:00,0.87,4.0,9.7,31.0,0.0
2022-02-13 12:00:00,1.04,10.9,14.2,36.0,0.631
2022-02-13 18:00:00,1.08,7.7,12.4,38.0,0.06
2022-02-14 00:00:00,1.11,6.2,17.3,26.0,0.0
2022-02-14 06:00:00,1.03,13.3,34.3,4.0,0.0
2022-02-14 12:00:00,1.17,16.9,25.1,32.0,0.606
2022-02-14 18:00:00,1.02,6.4,11.3,39.0,0.135
2022-02-15 00:00:00,1.0,5.2,15.3,25.0,0.0
2022-02-15 06:00:00,1.1,16.2,34.2,3.0,0.0
2022-02-15 12:00:00,1.29,20.8,32.6,31.0,0.6
2022-02-15 18:00:00,1.1,7.6,12.9,41.0,0.139
2022-02-16 00:00:00,1.04,6.5,13.9,22.0,0.0
2022-02-16 06:00:00,1.08,12.2,23.5,10.0,0.0
2022-02-16 12:00:00,1.55,13.2,25.6,45.0,0.606
2022-02-16 18:00:00,1.19,8.0,15.1,44.0,0.136
2022-02-17 00:00:00,1.7,16.9,42.3,5.0,0.0
2022-02-17 06:00:00,2.02,58.3,37.1,3.0,0.0
2022-02-17 12:00:00,0.93,8.4,7.2,38.0,0.605
2022-02-17 18:00:00,0.98,7.8,10.3,44.0,0.12
2022-02-18 00:00:00,0.93,5.9,20.1,26.0,0.0
2022-02-18 06:00:00,0.85,4.6,11.5,20.0,0.0
2022-02-18 12:00:00,0.85,5.4,6.3,38.0,0.603
2022-02-18 18:00:00,1.02,6.7,15.8,49.0,0.098
2022-02-19 00:00:00,0.99,5.5,10.7,30.0,0.0
2022-02-19 06:00:00,0.95,5.4,19.7,19.0,0.0
2022-02-19 12:00:00,1.01,8.9,13.0,44.0,0.608
2022-02-19 18:00:00,1.03,6.6,12.2,47.0,0.153
2022-02-20 00:00:00,1.27,5.8,18.9,27.0,0.0
2022-02-20 06:00:00,1.07,4.6,17.1,18.0,0.0
2022-02-20 12:00:00,1.09,7.6,15.1,50.0,0.585
2022-02-20 18:00:00,1.18,6.9,12.9,43.0,0.145
2022-02-21 00:00:00,1.24,7.5,13.1,17.0,0.0
2022-02-21 06:00:00,1.5,24.4,26.1,3.0,0.0
2022-02-21 12:00:00,1.67,22.1,37.6,35.0,0.603
2022-02-21 18:00:00,1.23,10.3,14.2,35.0,0.134
2022-02-22 00:00:00,1.39,9.1,21.8,17.0,0.0
2022-02-22 06:00:00,1.41,19.6,31.2,3.0,0.0
2022-02-22 12:00:00,0.99,10.0,9.3,34.0,0.625
2022-02-22 18:00:00,1.1,7.4,13.8,45.0,0.14
2022-02-23 00:00:00,1.2,8.3,15.6,17.0,0.0
2022-02-23 06:00:00,1.18,6.6,11.5,12.0,0.0
2022-02-23 12:00:00,1.361580056179775,11.54556962025316,13.99522471910112,25.90928725701944,0.1595554006968641
2022-02-23 18:00:00,1.19,8.4,15.8,13.0,0.01000000000000001
2022-02-24 00:00:00,1.03,7.3,7.8,19.0,0.0
2022-02-24 06:00:00,1.07,7.9,9.0,12.0,0.0
2022-02-24 12:00:00,1.39,27.2,16.4,11.0,0.404
2022-02-24 18:00:00,1.25,13.9,24.4,34.0,0.126
2022-02-25 00:00:00,1.11,6.4,15.5,13.0,0.0
2022-02-25 06:00:00,0.99,5.000000000000001,9.4,18.0,0.0
2022-02-25 12:00:00,1.01,8.4,9.5,20.0,0.231
2022-02-25 18:00:00,1.24,7.2,17.3,20.0,0.033
2022-02-26 00:00:00,1.17,9.4,16.3,5.0,0.0
2022-02-26 06:00:00,1.07,9.6,14.8,4.0,0.0
2022-02-26 12:00:00,1.36,25.0,15.8,6.0,0.101
2022-02-26 18:00:00,1.47,11.5,30.2,19.0,0.027
2022-02-27 00:00:00,1.27,7.5,14.5,14.0,0.0
2022-02-27 06:00:00,1.03,5.2,9.5,18.0,0.0
2022-02-27 12:00:00,1.08,6.2,9.5,34.0,0.499
2022-02-27 18:00:00,1.04,5.2,8.0,34.0,0.169
2022-02-28 00:00:00,1.24,8.0,18.2,16.0,0.0
2022-02-28 06:00:00,1.26,41.1,31.2,3.0,0.0
2022-02-28 12:00:00,1.14,12.6,15.8,36.0,0.639
2022-02-28 18:00:00,0.98,6.1,11.5,45.0,0.19
2022-03-01 00:00:00,1.361580056179775,11.54556962025316,13.99522471910112,25.90928725701944,0.1595554006968641
2022-03-01 06:00:00,1.04,5.8,31.1,12.0,0.0
2022-03-01 12:00:00,1.19,11.8,20.5,47.0,0.627
2022-03-01 18:00:00,1.14,8.8,11.6,49.0,0.175
2022-03-02 00:00:00,1.14,6.800000000000001,12.4,27.0,0.0
2022-03-02 06:00:00,1.12,5.5,15.8,19.0,0.0
2022-03-02 12:00:00,1.24,15.2,19.7,30.0,0.592
2022-03-02 18:00:00,1.28,8.9,11.6,37.0,0.111
2022-03-03 00:00:00,1.23,7.4,10.4,29.0,0.0
2022-03-03 06:00:00,1.12,9.9,10.4,27.0,0.0
2022-03-03 12:00:00,1.38,12.3,16.7,29.0,0.247
2022-03-03 18:00:00,1.32,7.3,13.0,41.0,0.143
2022-03-04 00:00:00,1.2,7.4,7.1,25.0,0.0
2022-03-04 06:00:00,1.16,6.6,9.5,17.0,0.0
2022-03-04 12:00:00,1.4,10.9,14.2,18.0,0.17
2022-03-04 18:00:00,1.29,8.7,10.6,33.0,0.164
2022-03-05 00:00:00,1.35,8.6,14.6,15.0,0.0
2022-03-05 06:00:00,1.2,7.0,9.2,16.0,0.0
2022-03-05 12:00:00,1.55,14.7,20.5,32.0,0.6
2022-03-05 18:00:00,1.34,7.7,10.0,43.0,0.161
2022-03-06 00:00:00,1.42,8.8,11.2,15.0,0.0
2022-03-06 06:00:00,1.25,6.0,7.2,16.0,0.0
2022-03-06 12:00:00,1.39,7.7,10.1,44.0,0.619
2022-03-06 18:00:00,1.35,6.800000000000001,9.1,44.0,0.138
2022-03-07 00:00:00,1.44,7.5,13.0,20.0,0.0
2022-03-07 06:00:00,1.26,6.6,7.2,20.0,0.0
2022-03-07 12:00:00,1.11,6.6,5.6,31.0,0.637
2022-03-07 18:00:00,1.11,5.6,7.5,32.0,0.173
2022-03-08 00:00:00,1.09,5.4,7.2,27.0,0.0
2022-03-08 06:00:00,1.13,4.8,9.9,23.0,0.0
2022-03-08 12:00:00,1.24,15.1,19.7,29.0,0.645
2022-03-08 18:00:00,1.23,5.8,14.3,58.0,0.193
2022-03-09 00:00:00,1.15,5.4,8.600000000000001,28.0,0.0
2022-03-09 06:00:00,1.19,8.0,23.6,4.0,0.0
2022-03-09 12:00:00,1.37,13.0,22.4,39.0,0.672
2022-03-09 18:00:00,1.15,5.8,11.7,53.0,0.197
2022-03-10 00:00:00,1.13,5.4,10.3,31.0,0.0
2022-03-10 06:00:00,1.25,14.1,26.0,7.0,0.0
2022-03-10 12:00:00,1.39,17.6,24.2,39.0,0.664
2022-03-10 18:00:00,1.24,6.800000000000001,13.1,44.0,0.188
2022-03-11 00:00:00,1.33,7.4,11.2,17.0,0.0
2022-03-11 06:00:00,1.4,9.8,16.8,6.0,0.0
2022-03-11 12:00:00,1.35,9.5,14.1,45.0,0.669
2022-03-11 18:00:00,1.15,5.7,9.0,31.0,0.173
2022-03-12 00:00:00,1.02,4.3,7.3,35.0,0.0
2022-03-12 06:00:00,0.96,3.8,5.9,34.0,0.0
2022-03-12 12:00:00,1.01,6.7,9.7,39.0,0.672
2022-03-12 18:00:00,1.04,4.8,7.9,44.0,0.206
2022-03-13 00:00:00,1.08,4.4,10.5,37.0,0.0
2022-03-13 06:00:00,1.07,3.199999999999999,11.2,29.0,0.0
2022-03-13 12:00:00,1.08,5.4,7.0,46.0,0.671
2022-03-13 18:00:00,1.18,5.8,7.6,43.0,0.202
2022-03-14 00:00:00,1.16,5.2,8.7,31.0,0.0
2022-03-14 06:00:00,1.25,7.9,27.9,5.0,0.0
2022-03-14 12:00:00,1.19,8.6,12.2,42.0,0.681
2022-03-14 18:00:00,1.35,5.000000000000001,19.5,100.0,0.2
2022-03-15 00:00:00,3.11,91.1,42.8,3.0,0.0
2022-03-15 06:00:00,1.01,6.3,12.9,30.0,0.0
2022-03-15 12:00:00,0.94,5.6,6.100000000000001,47.0,0.694
2022-03-15 18:00:00,1.06,8.1,14.5,51.0,0.207
2022-03-16 00:00:00,1.15,6.7,22.7,26.0,0.0202
2022-03-16 06:00:00,1.34,37.7,38.7,3.0,0.0
2022-03-16 12:00:00,1.12,8.0,14.2,57.0,0.679
2022-03-16 18:00:00,1.16,5.6,10.8,49.0,0.118
2022-03-17 00:00:00,1.18,6.7,16.2,29.0,0.0
2022-03-17 06:00:00,1.24,12.3,34.7,3.0,0.0
2022-03-17 12:00:00,0.97,6.2,6.9,48.0,0.723
2022-03-17 18:00:00,0.93,5.8,10.2,44.0,0.231
2022-03-18 00:00:00,1.6,14.7,35.2,16.0,0.1154
2022-03-18 06:00:00,1.0,4.3,10.9,32.0,0.0
2022-03-18 12:00:00,0.99,4.2,6.8,36.0,0.659
2022-03-18 18:00:00,1.04,5.8,10.2,46.0,0.182
2022-03-19 00:00:00,1.15,6.3,13.8,33.0,0.0
2022-03-19 06:00:00,1.08,5.000000000000001,20.1,20.0,0.0
2022-03-19 12:00:00,1.07,6.3,8.4,49.0,0.682
2022-03-19 18:00:00,1.14,6.5,10.5,47.0,0.197
2022-03-20 00:00:00,1.18,5.7,10.5,34.0,0.0
2022-03-20 06:00:00,1.12,9.879999999999999,9.3,31.0,0.0
2022-03-20 12:00:00,1.16,6.1,9.2,53.0,0.68
2022-03-20 18:00:00,1.21,6.9,7.9,42.0,0.201
2022-03-21 00:00:00,1.21,5.9,5.699999999999999,29.0,0.0
2022-03-21 06:00:00,1.16,6.5,5.5,26.0,0.0
2022-03-21 12:00:00,1.52,10.2,18.1,46.0,0.697
2022-03-21 18:00:00,1.29,7.4,11.9,57.0,0.156
2022-03-22 00:00:00,1.07,6.800000000000001,7.8,39.0,0.0
2022-03-22 06:00:00,0.94,5.099999999999999,13.2,29.0,0.0
2022-03-22 12:00:00,0.95,5.8,6.6,48.0,0.712
2022-03-22 18:00:00,1.05,6.4,11.7,43.0,0.198
2022-03-23 00:00:00,0.97,3.6,5.800000000000001,41.0,0.0
2022-03-23 06:00:00,0.98,3.7,13.7,30.0,0.0
2022-03-23 12:00:00,0.93,4.5,4.4,47.0,0.7
2022-03-23 18:00:00,0.99,3.7,8.3,61.0,0.19
2022-03-24 00:00:00,1.0,3.8,13.6,33.0,0.007199999999999956
2022-03-24 06:00:00,1.15,27.0,39.7,3.0,0.0
2022-03-24 12:00:00,0.93,5.099999999999999,6.100000000000001,48.0,0.738
2022-03-24 18:00:00,0.9,4.8,6.7,48.0,0.241
2022-03-25 00:00:00,1.49,11.1,44.8,9.0,0.0
2022-03-25 06:00:00,1.85,62.0,43.5,3.0,0.0
2022-03-25 12:00:00,1.36,12.7,29.1,57.0,0.749
2022-03-25 18:00:00,1.0,5.5,11.3,54.0,0.219
2022-03-26 00:00:00,1.21,5.9,27.1,20.0,0.0
2022-03-26 06:00:00,1.3,7.1,31.7,11.0,0.0
2022-03-26 12:00:00,1.434,5.88,8.259999999999998,13.8,0.0
2022-03-26 18:00:00,1.07,6.0,10.6,52.0,0.219
2022-03-27 00:00:00,1.26,6.0,17.0,28.0,0.0
2022-03-27 06:00:00,1.13,4.1,10.6,29.0,0.0
2022-03-27 12:00:00,1.18,4.7,9.7,55.0,0.705
2022-03-27 18:00:00,1.24,5.000000000000001,9.4,54.0,0.134
2022-03-28 00:00:00,1.21,6.0,14.0,25.0,0.0
2022-03-28 06:00:00,1.15,5.099999999999999,13.4,22.0,0.0
2022-03-28 12:00:00,1.29,9.9,17.1,46.0,0.697
2022-03-28 18:00:00,1.25,7.6,12.9,52.0,0.123
2022-03-29 00:00:00,1.24,7.4,12.2,24.0,0.0
2022-03-29 06:00:00,1.21,7.5,13.5,19.0,0.0
2022-03-29 12:00:00,1.51,10.6,19.8,58.0,0.686
2022-03-29 18:00:00,1.434,5.88,8.259999999999998,13.8,0.0
2022-03-30 00:00:00,1.41,11.2,17.0,22.0,0.0
2022-03-30 06:00:00,1.36,8.4,20.8,11.0,0.0
2022-03-30 12:00:00,1.04,8.1,8.8,41.0,0.7
2022-03-30 18:00:00,0.92,5.2,9.8,59.0,0.24
2022-03-31 00:00:00,1.0,5.5,10.8,37.0,0.0
2022-03-31 06:00:00,1.22,7.1,30.0,9.0,0.0
2022-03-31 12:00:00,1.19,8.4,11.9,55.0,0.71
2022-03-31 18:00:00,1.14,6.7,12.0,54.0,0.187
2022-04-01 00:00:00,1.434,5.88,8.259999999999998,13.8,0.0
2022-04-01 06:00:00,1.2,6.0,9.0,27.0,0.0
2022-04-01 12:00:00,1.23,8.3,7.9,40.0,0.71
2022-04-01 18:00:00,1.3,8.4,8.0,37.0,0.245
2022-04-02 00:00:00,1.36,7.9,9.3,29.0,0.0
2022-04-02 06:00:00,1.28,6.3,9.3,24.0,0.0
2022-04-02 12:00:00,1.434,5.88,8.259999999999998,13.8,0.0
2022-04-02 18:00:00,1.434,5.88,8.259999999999998,13.8,0.0
2022-04-03 00:00:00,1.48,8.7,12.1,30.0,0.2076
2022-04-03 06:00:00,1.34,6.800000000000001,9.0,21.0,0.0
2022-04-03 12:00:00,1.45,7.9,9.7,39.0,0.55
2022-04-03 18:00:00,1.39,8.2,7.2,32.0,0.198
2022-04-04 00:00:00,1.39,7.6,6.5,23.0,0.3892
2022-04-04 06:00:00,1.43,9.0,10.7,13.0,0.0
2022-04-04 12:00:00,1.52,11.6,12.9,33.0,0.646
2022-04-04 18:00:00,1.45,7.7,11.4,53.0,0.208
2022-04-05 00:00:00,1.4,8.2,7.1,20.0,0.0
2022-04-05 06:00:00,1.59,18.6,20.4,3.0,0.0
2022-04-05 12:00:00,1.34,9.5,10.7,42.0,0.606
2022-04-05 18:00:00,1.07,6.800000000000001,8.8,43.0,0.236
2022-04-06 00:00:00,1.56,8.1,17.1,22.0,0.0
2022-04-06 06:00:00,1.78,52.39999999999999,33.1,3.0,0.0
2022-04-06 12:00:00,1.11,7.4,7.0,50.0,0.738
2022-04-06 18:00:00,1.13,5.000000000000001,7.3,46.0,0.195
2022-04-07 00:00:00,1.16,4.7,18.3,26.0,0.0
2022-04-07 06:00:00,1.19,6.9,12.4,40.0,0.0
2022-04-07 12:00:00,1.16,7.7,9.0,50.0,0.709
2022-04-07 18:00:00,1.15,5.5,9.9,53.0,0.195
2022-04-08 00:00:00,1.21,5.5,18.4,32.0,0.0
2022-04-08 06:00:00,1.29,6.7,31.1,12.0,0.0
2022-04-08 12:00:00,1.21,6.7,7.2,52.0,0.697
2022-04-08 18:00:00,1.27,6.7,9.7,49.0,0.206
2022-04-09 00:00:00,1.21,5.9,18.0,31.0,0.0
2022-04-09 06:00:00,1.33,5.3,26.5,18.0,0.0
2022-04-09 12:00:00,1.42,10.3,20.0,56.0,0.679
2022-04-09 18:00:00,1.34,7.2,9.1,47.0,0.192
2022-04-10 00:00:00,1.47,7.1,18.1,22.0,0.0
2022-04-10 06:00:00,1.34,6.3,14.5,18.0,0.0
2022-04-10 12:00:00,1.58,9.1,19.0,70.0,0.686
2022-04-10 18:00:00,1.36,8.4,17.6,49.0,0.095
2022-04-11 00:00:00,1.38,7.3,10.7,24.0,0.0
2022-04-11 06:00:00,1.56,8.7,23.0,11.0,0.0
2022-04-11 12:00:00,1.15,9.1,6.2,29.0,0.73
2022-04-11 18:00:00,1.12,6.9,9.9,38.0,0.142
2022-04-12 00:00:00,1.37,6.4,13.5,26.0,0.0
2022-04-12 06:00:00,1.5,9.8,16.4,9.0,0.0
2022-04-12 12:00:00,1.66,12.8,28.2,60.0,0.695
2022-04-12 18:00:00,1.47,10.8,11.0,32.0,0.139
2022-04-13 00:00:00,1.46,7.9,15.5,17.0,0.0
2022-04-13 06:00:00,1.7,23.2,21.5,3.0,0.0
2022-04-13 12:00:00,1.05,7.0,5.300000000000001,39.0,0.764
2022-04-13 18:00:00,1.02,6.3,6.2,39.0,0.258
2022-04-14 00:00:00,1.44,7.2,22.6,18.0,0.0
2022-04-14 06:00:00,1.44,7.6,15.3,20.0,0.0
2022-04-14 12:00:00,1.49,9.1,8.600000000000001,34.0,0.223
2022-04-14 18:00:00,1.5,8.1,10.6,34.0,0.01599999999999999
2022-04-15 00:00:00,1.46,8.5,4.4,15.0,0.0
2022-04-15 06:00:00,1.46,8.0,8.3,12.0,0.0
2022-04-15 12:00:00,1.61,5.8,10.3,30.0,0.263
2022-04-15 18:00:00,1.51,8.0,8.1,39.0,0.184
2022-04-16 00:00:00,1.53,9.3,8.600000000000001,13.0,0.0
2022-04-16 06:00:00,1.53,9.3,10.6,6.0,0.0
2022-04-16 12:00:00,1.63,10.6,13.8,47.0,0.676
2022-04-16 18:00:00,1.66,9.2,8.899999999999999,44.0,0.165
2022-04-17 00:00:00,1.58,9.1,7.6,13.0,0.0
2022-04-17 06:00:00,1.53,8.8,8.2,9.0,0.0
2022-04-17 12:00:00,1.6,8.5,8.4,46.0,0.674
2022-04-17 18:00:00,1.59,9.3,8.3,35.0,0.127
2022-04-18 00:00:00,1.54,8.0,9.4,19.0,0.0
2022-04-18 06:00:00,1.71,18.7,17.4,3.0,0.0
2022-04-18 12:00:00,1.54,9.6,8.2,35.0,0.623
2022-04-18 18:00:00,1.56,10.3,8.4,30.0,0.13
2022-04-19 00:00:00,1.52,8.3,7.3,15.0,0.0
2022-04-19 06:00:00,1.58,11.7,9.4,9.0,0.0
2022-04-19 12:00:00,1.6,10.6,6.8,26.0,0.677
2022-04-19 18:00:00,1.61,8.9,9.4,26.0,0.08
2022-04-20 00:00:00,1.46,8.8,5.699999999999999,15.0,0.0
2022-04-20 06:00:00,1.58,10.9,11.6,8.0,0.0
2022-04-20 12:00:00,1.6,14.6,15.1,24.0,0.428
2022-04-20 18:00:00,1.77,9.3,13.6,27.0,0.007000000000000006
2022-04-21 00:00:00,1.58,8.8,5.699999999999999,19.0,0.0
2022-04-21 06:00:00,1.69,13.1,8.8,11.0,0.0
2022-04-21 12:00:00,1.7,12.1,8.3,30.0,0.4320000000000001
2022-04-21 18:00:00,1.66,11.7,9.7,31.0,0.116
2022-04-22 00:00:00,1.59,9.6,6.8,23.0,0.0
2022-04-22 06:00:00,1.71,10.0,10.4,18.0,0.0
2022-04-22 12:00:00,1.72,11.1,7.6,31.0,0.341
2022-04-22 18:00:00,1.56,11.3,7.8,35.0,0.211
2022-04-23 00:00:00,1.57,10.1,7.3,20.0,0.0
2022-04-23 06:00:00,1.62,11.4,11.4,15.0,0.0
2022-04-23 12:00:00,1.67,11.9,9.7,38.0,0.755
2022-04-23 18:00:00,1.434,5.88,8.259999999999998,13.8,0.0
2022-04-24 00:00:00,1.62,10.8,6.100000000000001,18.0,0.0
2022-04-24 06:00:00,1.57,9.9,6.6,16.0,0.0
2022-04-24 12:00:00,1.61,10.4,7.400000000000001,39.0,0.682
2022-04-24 18:00:00,1.69,11.2,10.3,26.0,0.143
2022-04-25 00:00:00,1.63,10.5,6.4,19.0,0.0
2022-04-25 06:00:00,1.64,10.9,7.700000000000001,17.0,0.0
2022-04-25 12:00:00,1.77,13.0,8.4,31.0,0.37
2022-04-25 18:00:00,1.8,14.3,16.1,19.0,0.043
2022-04-26 00:00:00,0.51,29.9,0.3000000000000007,8.0,0.0348
2022-04-26 06:00:00,1.31,1.800000000000001,0.3000000000000007,12.0,0.0
2022-04-26 12:00:00,1.22,10.1,6.9,32.0,0.264
2022-04-26 18:00:00,1.28,9.8,10.6,24.0,0.026
2022-04-27 00:00:00,1.26,10.1,11.8,19.0,0.0
2022-04-27 06:00:00,1.36,14.3,13.7,17.0,0.0
2022-04-27 12:00:00,1.38,15.9,9.5,28.0,0.253
2022-04-27 18:00:00,1.37,15.2,11.8,33.0,0.158
2022-04-28 00:00:00,1.26,12.2,8.2,13.0,0.0
2022-04-28 06:00:00,1.45,20.0,12.3,6.0,0.0
2022-04-28 12:00:00,1.41,14.5,7.6,27.0,0.715
2022-04-28 18:00:00,1.34,11.9,9.6,36.0,0.233
2022-04-29 00:00:00,1.29,12.0,5.6,13.0,0.0
2022-04-29 06:00:00,1.39,15.1,12.3,5.0,0.0
2022-04-29 12:00:00,1.5,17.1,14.4,33.0,0.713
2022-04-29 18:00:00,1.42,13.7,16.1,33.0,0.261
2022-04-30 00:00:00,1.43,12.4,9.8,10.0,0.0
2022-04-30 06:00:00,1.4,13.1,11.8,8.0,0.0
2022-04-30 12:00:00,1.34,12.3,7.8,35.0,0.732
2022-04-30 18:00:00,1.37,11.5,8.0,34.0,0.209
2022-05-01 00:00:00,1.361580056179775,11.54556962025316,13.99522471910112,25.90928725701944,0.1595554006968641
2022-05-01 06:00:00,1.36,10.3,6.9,19.0,0.0
2022-05-01 12:00:00,1.45,13.4,7.2,25.0,0.386
2022-05-01 18:00:00,1.5,11.0,9.6,35.0,0.103
2022-05-02 00:00:00,1.37,12.2,5.5,15.0,0.0
2022-05-02 06:00:00,1.4,12.3,7.400000000000001,14.0,0.0
2022-05-02 12:00:00,1.5,15.0,12.1,42.0,0.676
2022-05-02 18:00:00,1.44,9.1,10.8,49.0,0.233
2022-05-03 00:00:00,1.39,13.6,10.4,11.0,0.0
2022-05-03 06:00:00,1.52,15.3,13.8,7.0,0.0
2022-05-03 12:00:00,1.48,15.4,9.7,29.0,0.68
2022-05-03 18:00:00,1.49,13.5,11.2,28.0,0.207
2022-05-04 00:00:00,1.43,13.8,6.9,15.0,0.0
2022-05-04 06:00:00,1.53,15.9,10.9,9.0,0.0
2022-05-04 12:00:00,1.58,16.1,8.7,29.0,0.531
2022-05-04 18:00:00,1.56,13.7,9.7,35.0,0.181
2022-05-05 00:00:00,1.47,14.5,11.4,13.0,0.0
2022-05-05 06:00:00,1.57,15.6,11.1,15.0,0.0
2022-05-05 12:00:00,1.59,5.6,13.7,62.0,0.7
2022-05-05 18:00:00,1.51,11.7,12.4,42.0,0.218
2022-05-06 00:00:00,1.62,14.4,18.3,12.0,0.0
2022-05-06 06:00:00,1.53,13.3,16.2,13.0,0.0
2022-05-06 12:00:00,1.54,15.3,10.5,40.0,0.685
2022-05-06 18:00:00,1.51,14.9,7.8,28.0,0.21
2022-05-07 00:00:00,1.68,18.8,23.6,7.0,0.0
2022-05-07 06:00:00,1.55,15.4,12.0,6.0,0.0
2022-05-07 12:00:00,1.64,13.7,19.0,67.0,0.729
2022-05-07 18:00:00,1.46,13.3,10.4,40.0,0.226
2022-05-08 00:00:00,1.67,15.3,9.5,14.0,0.0
2022-05-08 06:00:00,1.54,14.6,9.1,11.0,0.0
2022-05-08 12:00:00,1.65,20.0,16.7,30.0,0.718
2022-05-08 18:00:00,1.48,13.5,8.600000000000001,40.0,0.229
2022-05-09 00:00:00,1.59,15.2,6.9,17.0,0.0
2022-05-09 06:00:00,1.63,15.8,11.2,13.0,0.0
2022-05-09 12:00:00,1.71,16.6,14.8,43.0,0.699
2022-05-09 18:00:00,1.6,14.6,9.0,33.0,0.247
2022-05-10 00:00:00,1.53,15.1,6.3,17.0,0.0
2022-05-10 06:00:00,1.55,17.6,8.899999999999999,8.0,0.0
2022-05-10 12:00:00,1.61,19.9,8.600000000000001,27.0,0.475
2022-05-10 18:00:00,1.81,19.4,18.8,15.0,0.01499999999999999
2022-05-11 00:00:00,1.49,16.3,4.699999999999999,13.0,0.0
2022-05-11 06:00:00,1.61,17.1,8.4,9.0,0.0
2022-05-11 12:00:00,1.57,17.8,6.5,21.0,0.4380000000000001
2022-05-11 18:00:00,1.51,18.0,9.3,21.0,0.207
2022-05-12 00:00:00,1.44,16.3,7.0,14.0,0.0
2022-05-12 06:00:00,1.56,19.4,9.9,9.0,0.0
2022-05-12 12:00:00,1.61,19.1,11.4,36.0,0.737
2022-05-12 18:00:00,1.36,14.1,8.899999999999999,29.0,0.222
2022-05-13 00:00:00,1.47,17.1,7.8,12.0,0.0
2022-05-13 06:00:00,1.55,17.6,9.8,10.0,0.0
2022-05-13 12:00:00,1.58,17.2,11.7,37.0,0.725
2022-05-13 18:00:00,1.53,18.1,11.3,21.0,0.034
2022-05-14 00:00:00,1.5,16.4,8.3,15.0,0.0
2022-05-14 06:00:00,1.45,17.0,7.3,16.0,0.0
2022-05-14 12:00:00,1.65,19.3,13.8,35.0,0.722
2022-05-14 18:00:00,1.44,15.7,7.8,32.0,0.196
2022-05-15 00:00:00,1.49,15.8,7.400000000000001,17.0,0.0
2022-05-15 06:00:00,1.49,14.8,8.2,14.0,0.0
2022-05-15 12:00:00,1.53,16.1,10.5,41.0,0.758
2022-05-15 18:00:00,1.33,15.7,9.2,34.0,0.275
2022-05-16 00:00:00,1.45,15.3,7.8,17.0,0.0
2022-05-16 06:00:00,1.66,19.0,16.5,4.0,0.0
2022-05-16 12:00:00,1.64,19.9,14.7,42.0,0.735
2022-05-16 18:00:00,1.37,19.2,10.7,30.0,0.256
2022-05-17 00:00:00,1.43,17.1,9.1,15.0,0.0
2022-05-17 06:00:00,1.55,19.0,12.6,9.0,0.0
2022-05-17 12:00:00,1.53,19.6,12.1,37.0,0.738
2022-05-17 18:00:00,1.4,17.8,11.7,31.0,0.108
2022-05-18 00:00:00,1.54,16.5,10.2,18.0,0.0
2022-05-18 06:00:00,1.52,18.1,11.7,10.0,0.0
2022-05-18 12:00:00,1.76,26.1,24.5,38.0,0.693
2022-05-18 18:00:00,1.56,16.6,10.4,32.0,0.129
2022-05-19 00:00:00,1.49,17.4,7.9,17.0,0.0
2022-05-19 06:00:00,1.63,21.2,10.5,12.0,0.0
2022-05-19 12:00:00,1.82,22.4,22.3,45.0,0.715
2022-05-19 18:00:00,1.56,16.1,12.0,34.0,0.226
2022-05-20 00:00:00,1.63,17.8,9.9,16.0,0.0
2022-05-20 06:00:00,1.68,18.6,13.2,13.0,0.0
2022-05-20 12:00:00,1.37,19.4,10.8,36.0,0.753
2022-05-20 18:00:00,1.5,12.5,18.9,53.0,0.227
2022-05-21 00:00:00,1.47,16.8,17.8,20.0,0.0
2022-05-21 06:00:00,1.56,17.0,10.0,16.0,0.0
2022-05-21 12:00:00,1.71,19.4,16.1,48.0,0.718
2022-05-21 18:00:00,1.57,11.8,14.3,56.0,0.198
2022-05-22 00:00:00,1.57,18.1,8.3,18.0,0.0
2022-05-22 06:00:00,1.48,17.5,6.100000000000001,16.0,0.0
2022-05-22 12:00:00,1.67,20.5,11.1,17.0,0.117
2022-05-22 18:00:00,1.56,18.9,8.5,25.0,0.188
2022-05-23 00:00:00,1.53,18.5,7.2,19.0,0.0
2022-05-23 06:00:00,1.57,18.5,8.8,14.0,0.0
2022-05-23 12:00:00,1.69,23.4,10.6,17.0,0.112
2022-05-23 18:00:00,1.81,26.5,14.8,13.0,0.095
2022-05-24 00:00:00,1.6,24.2,8.1,14.0,0.0
2022-05-24 06:00:00,1.57,22.0,14.9,12.0,0.0
2022-05-24 12:00:00,1.61,25.8,9.6,16.0,0.252
2022-05-24 18:00:00,1.79,22.9,15.1,19.0,0.196
2022-05-25 00:00:00,1.7,23.9,12.4,6.0,0.0
2022-05-25 06:00:00,1.53,21.9,8.600000000000001,6.0,0.0
2022-05-25 12:00:00,1.58,22.0,9.5,22.0,0.171
2022-05-25 18:00:00,1.56,16.2,10.6,30.0,0.267
2022-05-26 00:00:00,1.56,17.3,9.6,22.0,0.0
2022-05-26 06:00:00,1.59,19.2,12.4,18.0,0.0
2022-05-26 12:00:00,1.57,20.5,8.7,29.0,0.729
2022-05-26 18:00:00,1.54,18.3,8.3,29.0,0.27
2022-05-27 00:00:00,1.53,19.2,5.9,16.0,0.0
2022-05-27 06:00:00,1.59,20.8,7.6,8.0,0.0
2022-05-27 12:00:00,1.57,20.3,8.899999999999999,27.0,0.715
2022-05-27 18:00:00,1.53,19.7,9.9,23.0,0.241
2022-05-28 00:00:00,1.54,20.0,6.8,11.0,0.0
2022-05-28 06:00:00,1.51,19.4,7.3,7.0,0.0
2022-05-28 12:00:00,1.68,24.6,15.6,26.0,0.744
2022-05-28 18:00:00,1.43,18.5,8.7,29.0,0.283
2022-05-29 00:00:00,1.55,19.8,8.899999999999999,8.0,0.0
2022-05-29 06:00:00,1.54,19.3,8.7,6.0,0.0
2022-05-29 12:00:00,1.54,16.8,11.4,42.0,0.735
2022-05-29 18:00:00,1.53,18.5,8.3,23.0,0.135
2022-05-30 00:00:00,1.48,20.0,6.5,9.0,0.0
2022-05-30 06:00:00,1.52,23.7,9.6,3.0,0.0
2022-05-30 12:00:00,1.49,21.2,8.0,22.0,0.716
2022-05-30 18:00:00,1.49,19.9,8.5,25.0,0.255
2022-05-31 00:00:00,1.45,19.6,6.6,12.0,0.0
2022-05-31 06:00:00,1.48,20.0,7.5,11.0,0.0
2022-05-31 12:00:00,1.434,5.88,8.259999999999998,13.8,0.0
2022-05-31 18:00:00,1.47,21.1,8.7,16.0,0.179
2022-06-01 00:00:00,1.434,5.88,8.259999999999998,13.8,0.0
2022-06-01 06:00:00,1.45,21.8,7.6,7.0,0.0
2022-06-01 12:00:00,1.51,23.3,7.0,19.0,0.622
2022-06-01 18:00:00,1.41,25.5,7.6,12.0,0.22
2022-06-02 00:00:00,1.39,22.8,4.9,9.0,0.0
2022-06-02 06:00:00,1.48,24.0,7.400000000000001,8.0,0.0
2022-06-02 12:00:00,1.53,29.4,8.4,17.0,0.591
2022-06-02 18:00:00,1.37,25.1,7.9,14.0,0.14
2022-06-03 00:00:00,1.41,21.3,4.800000000000001,11.0,0.0
2022-06-03 06:00:00,1.43,20.8,10.8,5.0,0.0
2022-06-03 12:00:00,1.61,32.2,15.2,13.0,0.384
2022-06-03 18:00:00,1.49,24.0,10.5,15.0,0.094
2022-06-04 00:00:00,1.45,21.3,7.1,13.0,0.0
2022-06-04 06:00:00,1.47,21.1,12.4,5.0,0.0
2022-06-04 12:00:00,1.42,23.1,11.1,26.0,0.745
2022-06-04 18:00:00,1.4,20.7,8.4,23.0,0.293
2022-06-05 00:00:00,1.52,21.4,8.2,11.0,0.0
2022-06-05 06:00:00,1.41,20.2,7.5,8.0,0.0
2022-06-05 12:00:00,1.54,18.4,14.8,45.0,0.758
2022-06-05 18:00:00,1.32,20.8,10.0,28.0,0.294
2022-06-06 00:00:00,1.36,19.9,9.1,14.0,0.0
2022-06-06 06:00:00,1.46,22.9,12.3,5.0,0.0
2022-06-06 12:00:00,1.69,24.9,22.3,44.0,0.743
2022-06-06 18:00:00,1.37,22.5,11.7,29.0,0.291
2022-06-07 00:00:00,1.4,23.3,9.3,11.0,0.0
2022-06-07 06:00:00,1.46,24.9,10.8,7.0,0.0
2022-06-07 12:00:00,1.61,26.1,18.5,37.0,0.747
2022-06-07 18:00:00,1.32,25.9,10.8,24.0,0.29
2022-06-08 00:00:00,1.36,22.4,7.2,16.0,0.0
2022-06-08 06:00:00,1.41,23.5,8.8,9.0,0.0
2022-06-08 12:00:00,1.46,23.0,12.0,31.0,0.748
2022-06-08 18:00:00,1.34,25.0,10.7,19.0,0.272
2022-06-09 00:00:00,1.35,27.8,5.9,7.0,0.0
2022-06-09 06:00:00,1.4,30.3,7.1,6.0,0.0
2022-06-09 12:00:00,1.48,32.6,8.600000000000001,14.0,0.704
2022-06-09 18:00:00,1.37,33.9,7.9,8.0,0.274
2022-06-10 00:00:00,1.43,28.6,7.6,5.0,0.0
2022-06-10 06:00:00,1.43,31.9,7.9,3.0,0.0
2022-06-10 12:00:00,1.47,29.7,12.9,20.0,0.727
2022-06-10 18:00:00,1.39,24.6,10.1,14.0,0.258
2022-06-11 00:00:00,1.38,29.3,7.8,5.0,0.0
2022-06-11 06:00:00,1.38,31.0,7.8,3.0,0.0
2022-06-11 12:00:00,1.44,27.4,13.4,20.0,0.733
2022-06-11 18:00:00,1.34,31.1,8.2,11.0,0.29
2022-06-12 00:00:00,1.39,30.5,7.1,5.0,0.0
2022-06-12 06:00:00,1.35,30.1,5.199999999999999,4.0,0.0
2022-06-12 12:00:00,1.38,29.2,9.0,13.0,0.748
2022-06-12 18:00:00,1.25,33.3,8.0,8.0,0.302
2022-06-13 00:00:00,1.33,28.2,6.7,6.0,0.0
2022-06-13 06:00:00,1.36,27.4,6.3,13.4,0.0
2022-06-13 12:00:00,1.36,30.8,8.8,12.0,0.714
2022-06-13 18:00:00,1.35,34.2,7.6,7.0,0.154
2022-06-14 00:00:00,1.31,28.7,6.8,6.0,0.0
2022-06-14 06:00:00,1.34,30.1,7.700000000000001,5.0,0.0
2022-06-14 12:00:00,1.37,29.3,10.5,14.0,0.737
2022-06-14 18:00:00,1.25,4.5,5.300000000000001,38.0,0.298
2022-06-15 00:00:00,1.32,3.0,3.0,26.0,0.0
2022-06-15 06:00:00,1.47,5.2,7.0,18.0,0.0
2022-06-15 12:00:00,1.45,5.3,5.5,27.0,0.641
2022-06-15 18:00:00,1.35,5.099999999999999,5.1,26.0,0.19
2022-06-16 00:00:00,1.33,2.9,3.199999999999999,21.0,0.0
2022-06-16 06:00:00,1.51,6.800000000000001,7.3,10.0,0.0
2022-06-16 12:00:00,1.45,8.2,4.699999999999999,25.0,0.738
2022-06-16 18:00:00,0.96,6.7,5.699999999999999,25.0,0.293
2022-06-17 00:00:00,0.94,3.7,7.6,13.0,0.0
2022-06-17 06:00:00,1.1,5.000000000000001,9.6,8.0,0.0
2022-06-17 12:00:00,1.09,4.7,6.100000000000001,45.0,0.69
2022-06-17 18:00:00,1.0,7.5,6.7,22.0,0.29
2022-06-18 00:00:00,1.06,3.6,3.6,16.0,0.0
2022-06-18 06:00:00,1.11,5.000000000000001,7.700000000000001,8.0,0.0
2022-06-18 12:00:00,1.11,4.3,5.300000000000001,40.0,0.708
2022-06-18 18:00:00,1.16,6.3,8.8,19.0,0.119
2022-06-19 00:00:00,1.23,3.300000000000001,6.100000000000001,17.0,0.0
2022-06-19 06:00:00,1.15,3.300000000000001,7.2,8.0,0.0
2022-06-19 12:00:00,1.15,4.3,3.6,32.0,0.712
2022-06-19 18:00:00,1.16,4.8,5.800000000000001,34.0,0.175
2022-06-20 00:00:00,1.14,3.5,4.5,22.0,0.0
2022-06-20 06:00:00,1.2,4.4,9.5,11.0,0.0
2022-06-20 12:00:00,1.13,4.8,4.9,39.0,0.745
2022-06-20 18:00:00,1.12,5.099999999999999,6.4,36.0,0.271
2022-06-21 00:00:00,1.12,3.0,3.199999999999999,31.0,0.0
2022-06-21 06:00:00,1.25,4.2,9.5,15.0,0.0
2022-06-21 12:00:00,1.18,4.5,4.6,42.0,0.753
2022-06-21 18:00:00,1.13,5.4,7.0,31.0,0.135
2022-06-22 00:00:00,1.22,3.1,5.0,23.0,0.0
2022-06-22 06:00:00,1.28,4.5,9.3,8.0,0.0
2022-06-22 12:00:00,1.21,4.5,4.6,29.0,0.663
2022-06-22 18:00:00,1.13,5.099999999999999,5.4,30.0,0.274
2022-06-23 00:00:00,1.16,3.8,5.699999999999999,21.0,0.0
2022-06-23 06:00:00,1.29,7.5,14.5,7.0,0.0
2022-06-23 12:00:00,1.2,6.0,5.4,33.0,0.749
2022-06-23 18:00:00,1.04,4.900000000000001,5.4,30.0,0.288
2022-06-24 00:00:00,1.12,4.1,5.4,15.0,0.0
2022-06-24 06:00:00,1.28,5.3,12.1,5.0,0.0
2022-06-24 12:00:00,1.2,4.0,9.0,66.0,0.753
2022-06-24 18:00:00,1.07,4.900000000000001,7.400000000000001,42.0,0.293
2022-06-25 00:00:00,1.22,4.3,7.0,21.0,0.0
2022-06-25 06:00:00,1.25,3.8,10.9,12.0,0.0
2022-06-25 12:00:00,1.25,4.5,8.2,52.0,0.75
2022-06-25 18:00:00,1.11,4.5,6.3,40.0,0.258
2022-06-26 00:00:00,1.23,2.9,3.9,29.0,0.0
2022-06-26 06:00:00,1.25,3.0,4.800000000000001,23.0,-0.005000000000000004
2022-06-26 12:00:00,1.24,3.300000000000001,4.699999999999999,51.0,0.743
2022-06-26 18:00:00,1.11,3.5,4.4,40.0,0.235
2022-06-27 00:00:00,1.26,3.199999999999999,6.9,24.0,0.0
2022-06-27 06:00:00,1.32,4.2,8.5,14.0,0.0
2022-06-27 12:00:00,1.28,5.000000000000001,6.4,45.0,0.763
2022-06-27 18:00:00,1.33,7.1,14.3,29.0,0.172
2022-06-28 00:00:00,1.22,2.800000000000001,3.6,23.0,0.0
2022-06-28 06:00:00,1.33,6.1,12.2,5.0,0.0
2022-06-28 12:00:00,1.26,5.3,6.8,45.0,0.743
2022-06-28 18:00:00,1.21,5.000000000000001,6.100000000000001,41.0,0.195
2022-06-29 00:00:00,1.26,2.4,4.800000000000001,49.0,0.0
2022-06-29 06:00:00,1.48,3.5,21.8,14.0,0.0
2022-06-29 12:00:00,1.36,3.7,7.3,62.0,0.719
2022-06-29 18:00:00,1.38,4.6,10.6,52.0,0.228
2022-06-30 00:00:00,1.37,2.699999999999999,11.7,34.0,0.0
2022-06-30 06:00:00,1.46,2.6,15.8,22.0,0.0
2022-06-30 12:00:00,1.36,3.5,9.1,78.0,0.725
2022-06-30 18:00:00,1.34,4.0,11.4,69.0,0.304
2022-07-01 00:00:00,1.434,5.88,8.259999999999998,13.8,0.0
2022-07-01 06:00:00,1.45,2.9,21.2,12.0,0.0
2022-07-01 12:00:00,1.42,3.9,10.4,71.0,0.732
2022-07-01 18:00:00,1.32,3.9,8.899999999999999,71.0,0.295
2022-07-02 00:00:00,1.36,3.300000000000001,7.8,21.0,0.0
2022-07-02 06:00:00,1.35,4.1,8.4,9.0,0.0
2022-07-02 12:00:00,1.39,4.900000000000001,8.899999999999999,39.0,0.4510000000000001
2022-07-02 18:00:00,1.77,3.6,20.6,50.0,0.059
2022-07-03 00:00:00,1.43,3.7,8.0,13.0,0.0
2022-07-03 06:00:00,1.38,3.6,4.300000000000001,12.0,-0.004000000000000004
2022-07-03 12:00:00,1.4,3.300000000000001,5.5,42.0,0.612
2022-07-03 18:00:00,1.5,5.5,10.6,27.0,0.117
2022-07-04 00:00:00,1.34,3.300000000000001,5.699999999999999,16.0,0.0
2022-07-04 06:00:00,1.41,4.2,6.100000000000001,11.0,0.0
2022-07-04 12:00:00,1.4,4.2,4.699999999999999,36.0,0.752
2022-07-04 18:00:00,1.28,4.8,4.800000000000001,29.0,0.303
2022-07-05 00:00:00,1.36,3.0,5.199999999999999,14.0,0.0
2022-07-05 06:00:00,1.43,4.0,5.9,11.0,0.0
2022-07-05 12:00:00,1.4,4.2,4.300000000000001,35.0,0.75
2022-07-05 18:00:00,1.29,4.6,5.800000000000001,30.0,0.298
2022-07-06 00:00:00,1.3,2.800000000000001,4.9,15.0,0.0
2022-07-06 06:00:00,1.47,4.900000000000001,11.9,6.0,0.0
2022-07-06 12:00:00,1.42,4.8,7.9,52.0,0.76
2022-07-06 18:00:00,1.34,4.900000000000001,7.0,40.0,0.308
2022-07-07 00:00:00,1.36,2.800000000000001,4.9,15.0,0.0
2022-07-07 06:00:00,1.51,8.3,10.2,7.0,0.0
2022-07-07 12:00:00,1.48,5.4,9.5,53.0,0.742
2022-07-07 18:00:00,1.27,6.2,5.6,40.0,0.302
2022-07-08 00:00:00,1.37,4.0,9.3,13.0,0.0
2022-07-08 06:00:00,1.47,5.6,11.5,7.0,0.0
2022-07-08 12:00:00,1.45,4.2,10.9,65.0,0.728
2022-07-08 18:00:00,1.3,4.7,6.3,39.0,0.301
2022-07-09 00:00:00,1.41,4.3,6.5,13.0,0.0
2022-07-09 06:00:00,1.44,5.5,11.4,5.0,0.0
2022-07-09 12:00:00,1.51,10.0,12.6,44.0,0.734
2022-07-09 18:00:00,1.33,4.8,6.5,33.0,0.201
2022-07-10 00:00:00,1.43,3.9,5.300000000000001,13.0,0.0
2022-07-10 06:00:00,1.43,3.1,6.7,8.0,-0.005000000000000004
2022-07-10 12:00:00,1.42,3.8,5.1,54.0,0.73
2022-07-10 18:00:00,1.29,4.8,6.100000000000001,37.0,0.314
2022-07-11 00:00:00,1.41,3.6,5.699999999999999,15.0,0.0
2022-07-11 06:00:00,1.48,5.2,12.4,4.0,0.0
2022-07-11 12:00:00,1.32,2.800000000000001,3.9,47.0,0.745
2022-07-11 18:00:00,1.32,5.099999999999999,9.6,36.0,0.233
2022-07-12 00:00:00,1.35,3.0,5.300000000000001,18.0,0.0
2022-07-12 06:00:00,1.6,8.4,15.7,3.0,0.0
2022-07-12 12:00:00,1.53,4.1,10.5,64.0,0.732
2022-07-12 18:00:00,1.37,4.2,6.8,36.0,0.194
2022-07-13 00:00:00,1.41,3.0,5.9,27.0,0.0
2022-07-13 06:00:00,1.54,4.7,8.3,10.0,0.0
2022-07-13 12:00:00,1.53,5.3,9.7,47.0,0.708
2022-07-13 18:00:00,1.35,4.6,6.0,38.0,0.3
2022-07-14 00:00:00,1.46,3.199999999999999,8.2,18.0,0.0
2022-07-14 06:00:00,1.52,5.3,13.9,13.0,0.0
2022-07-14 12:00:00,1.55,7.4,12.1,41.0,0.734
2022-07-14 18:00:00,1.48,5.2,6.8,35.0,0.214
2022-07-15 00:00:00,1.5,3.199999999999999,9.9,17.0,0.0
2022-07-15 06:00:00,1.57,5.2,15.9,4.0,0.0
2022-07-15 12:00:00,1.47,3.8,7.700000000000001,59.0,0.733
2022-07-15 18:00:00,1.38,4.7,6.8,42.0,0.304
2022-07-16 00:00:00,1.44,3.300000000000001,5.4,26.0,0.0
2022-07-16 06:00:00,1.5,3.4,10.2,14.0,0.0
2022-07-16 12:00:00,1.51,3.9,9.3,58.0,0.714
2022-07-16 18:00:00,1.43,5.7,6.7,28.0,0.065
2022-07-17 00:00:00,1.45,2.800000000000001,3.4,19.0,0.0
2022-07-17 06:00:00,1.47,2.9,6.5,11.0,0.0
2022-07-17 12:00:00,1.53,5.099999999999999,7.700000000000001,45.0,0.732
2022-07-17 18:00:00,1.36,3.7,3.799999999999999,30.0,0.287
2022-07-18 00:00:00,1.46,3.4,4.5,12.0,0.0
2022-07-18 06:00:00,1.55,6.1,10.7,4.0,0.0
2022-07-18 12:00:00,1.47,3.7,6.8,47.0,0.739
2022-07-18 18:00:00,1.4,5.000000000000001,5.5,35.0,0.29
2022-07-19 00:00:00,1.43,2.9,4.800000000000001,15.0,0.0
2022-07-19 06:00:00,1.58,4.0,9.7,7.0,0.0
2022-07-19 12:00:00,1.62,4.3,11.4,62.0,0.728
2022-07-19 18:00:00,1.59,4.6,8.600000000000001,38.0,0.063
2022-07-20 00:00:00,1.49,3.6,7.1,26.0,0.0
2022-07-20 06:00:00,1.58,5.8,14.5,5.0,0.0
2022-07-20 12:00:00,1.62,4.6,13.2,61.0,0.718
2022-07-20 18:00:00,1.6,3.6,13.0,63.0,0.116
2022-07-21 00:00:00,1.56,3.199999999999999,5.199999999999999,15.0,0.0
2022-07-21 06:00:00,1.68,5.000000000000001,9.7,11.0,0.0
2022-07-21 12:00:00,1.73,7.9,12.1,52.0,0.714
2022-07-21 18:00:00,1.52,3.7,5.6,37.0,0.266
2022-07-22 00:00:00,1.53,4.3,8.600000000000001,13.0,0.0
2022-07-22 06:00:00,1.59,4.5,8.8,9.0,0.0
2022-07-22 12:00:00,1.59,3.5,6.3,47.0,0.726
2022-07-22 18:00:00,1.45,4.8,6.0,36.0,0.295
2022-07-23 00:00:00,1.59,3.0,6.2,15.0,0.0
2022-07-23 06:00:00,1.56,3.9,8.1,10.0,0.0
2022-07-23 12:00:00,1.63,4.5,6.3,45.0,0.736
2022-07-23 18:00:00,1.42,3.8,4.9,35.0,0.239
2022-07-24 00:00:00,1.57,3.7,5.4,22.0,0.0
2022-07-24 06:00:00,1.61,3.300000000000001,5.5,17.0,-0.005000000000000004
2022-07-24 12:00:00,1.6,3.7,5.4,52.0,0.735
2022-07-24 18:00:00,1.45,3.9,4.0,35.0,0.313
2022-07-25 00:00:00,1.55,3.0,4.4,23.0,0.0
2022-07-25 06:00:00,1.58,2.800000000000001,5.800000000000001,21.0,0.0
2022-07-25 12:00:00,1.6,4.2,9.1,52.0,0.663
2022-07-25 18:00:00,1.54,4.0,5.800000000000001,27.0,0.075
2022-07-26 00:00:00,1.57,2.6,3.0,24.4,0.0
2022-07-26 06:00:00,1.66,4.6,9.7,11.0,0.0
2022-07-26 12:00:00,1.71,4.1,10.3,60.0,0.725
2022-07-26 18:00:00,1.51,4.6,7.9,34.0,0.2
2022-07-27 00:00:00,1.56,2.800000000000001,3.1,22.0,0.0
2022-07-27 06:00:00,1.63,4.1,9.5,9.0,0.0
2022-07-27 12:00:00,1.66,3.9,8.2,57.0,0.709
2022-07-27 18:00:00,1.61,5.2,6.2,27.0,0.11
2022-07-28 00:00:00,1.56,2.800000000000001,7.0,21.0,0.0
2022-07-28 06:00:00,1.64,3.6,6.6,21.0,0.0
2022-07-28 12:00:00,1.69,5.000000000000001,8.1,60.0,0.745
2022-07-28 18:00:00,1.93,13.1,30.0,18.0,0.129
2022-07-29 00:00:00,1.61,3.5,9.1,22.0,0.0
2022-07-29 06:00:00,1.64,3.4,13.1,17.0,0.0
2022-07-29 12:00:00,1.63,4.5,6.7,49.0,0.74
2022-07-29 18:00:00,1.53,4.900000000000001,5.4,35.0,0.287
2022-07-30 00:00:00,1.59,3.199999999999999,4.699999999999999,27.0,0.0
2022-07-30 06:00:00,1.66,4.5,8.7,13.0,0.0
2022-07-30 12:00:00,1.65,4.6,5.5,41.0,0.741
2022-07-30 18:00:00,1.59,5.2,5.199999999999999,33.0,0.252
2022-07-31 00:00:00,1.6,2.9,4.4,22.0,0.0
2022-07-31 06:00:00,1.62,2.9,4.9,13.0,-0.006000000000000005
2022-07-31 12:00:00,1.61,3.4,5.1,47.0,0.742
2022-07-31 18:00:00,1.47,4.0,5.1,30.0,0.133
2022-08-01 00:00:00,1.434,5.88,8.259999999999998,13.8,0.0
2022-08-01 06:00:00,1.69,3.5,12.8,10.0,0.0
2022-08-01 12:00:00,1.68,4.0,7.1,54.0,0.697
2022-08-01 18:00:00,1.66,5.8,11.2,32.0,0.256
2022-08-02 00:00:00,1.64,2.9,5.9,25.0,0.0
2022-08-02 06:00:00,1.67,4.5,8.8,16.0,0.0
2022-08-02 12:00:00,1.67,3.1,7.6,70.0,0.74
2022-08-02 18:00:00,1.58,6.0,6.7,36.0,0.249
2022-08-03 00:00:00,1.56,2.5,3.1,28.0,0.0
2022-08-03 06:00:00,1.73,4.0,11.4,12.0,0.0
2022-08-03 12:00:00,1.75,3.0,10.4,81.0,0.723
2022-08-03 18:00:00,1.57,4.7,6.3,35.0,0.3
2022-08-04 00:00:00,1.62,3.300000000000001,5.199999999999999,22.0,0.0
2022-08-04 06:00:00,1.76,6.4,11.5,8.0,0.0
2022-08-04 12:00:00,1.83,4.7,13.2,66.0,0.719
2022-08-04 18:00:00,1.61,4.5,5.699999999999999,34.0,0.242
2022-08-05 00:00:00,1.71,3.8,7.3,13.0,0.0
2022-08-05 06:00:00,1.74,3.300000000000001,5.4,13.0,0.0
2022-08-05 12:00:00,1.75,4.8,6.4,45.0,0.696
2022-08-05 18:00:00,1.59,4.6,6.6,37.0,0.294
2022-08-06 00:00:00,1.73,3.300000000000001,5.9,15.0,0.0
2022-08-06 06:00:00,1.69,5.000000000000001,9.2,8.0,0.0
2022-08-06 12:00:00,1.77,4.1,7.8,57.0,0.733
2022-08-06 18:00:00,1.61,5.000000000000001,6.6,28.0,0.208
2022-08-07 00:00:00,1.67,3.199999999999999,2.800000000000001,24.0,0.0
2022-08-07 06:00:00,1.72,3.300000000000001,6.0,11.0,-0.006000000000000005
2022-08-07 12:00:00,1.7,3.7,3.699999999999999,32.0,0.736
2022-08-07 18:00:00,1.6,3.6,4.0,35.0,0.241
2022-08-08 00:00:00,1.64,2.699999999999999,4.0,17.0,0.0
2022-08-08 06:00:00,1.77,3.7,7.5,10.0,0.0
2022-08-08 12:00:00,1.76,3.7,6.7,51.0,0.737
2022-08-08 18:00:00,1.67,5.9,6.100000000000001,28.0,0.244
2022-08-09 00:00:00,1.75,3.4,7.6,14.0,0.0
2022-08-09 06:00:00,1.79,5.000000000000001,9.7,9.0,0.0
2022-08-09 12:00:00,1.74,4.1,6.5,48.0,0.736
2022-08-09 18:00:00,1.64,4.5,6.100000000000001,33.0,0.278
2022-08-10 00:00:00,1.72,3.6,9.5,15.0,0.0
2022-08-10 06:00:00,1.82,4.2,9.4,14.0,0.0
2022-08-10 12:00:00,1.79,4.8,9.7,52.0,0.735
2022-08-10 18:00:00,1.67,4.6,6.6,36.0,0.274
2022-08-11 00:00:00,1.69,2.800000000000001,4.5,18.0,0.0
2022-08-11 06:00:00,1.86,4.5,12.2,5.0,0.0
2022-08-11 12:00:00,0.9099999999999999,8.0,8.7,44.0,0.745
2022-08-11 18:00:00,1.361580056179775,11.54556962025316,13.99522471910112,25.90928725701944,0.1595554006968641
2022-08-12 00:00:00,0.76,2.800000000000001,4.9,15.0,0.0
2022-08-12 06:00:00,0.93,5.8,10.9,5.0,0.0
2022-08-12 12:00:00,0.86,4.4,8.1,48.0,0.598
2022-08-12 18:00:00,0.97,4.0,11.3,30.0,0.01799999999999999
2022-08-13 00:00:00,1.09,2.9,20.9,10.0,0.0
2022-08-13 06:00:00,1.16,4.4,21.2,7.0,0.0
2022-08-13 12:00:00,0.83,3.199999999999999,4.9,56.0,0.73
2022-08-13 18:00:00,0.89,2.9,5.9,53.0,0.049
2022-08-14 00:00:00,1.06,2.800000000000001,11.3,24.0,0.0
2022-08-14 06:00:00,1.23,6.2,23.6,4.0,0.0
2022-08-14 12:00:00,0.95,4.0,6.9,46.0,0.526
2022-08-14 18:00:00,1.21,4.3,15.7,35.0,0.033
2022-08-15 00:00:00,0.99,2.699999999999999,8.2,37.0,0.0
2022-08-15 06:00:00,1.04,2.9,11.0,22.0,0.0
2022-08-15 12:00:00,0.97,3.4,6.0,49.0,0.73
2022-08-15 18:00:00,1.07,4.3,14.1,38.0,0.108
2022-08-16 00:00:00,1.0,2.6,6.3,21.0,0.0
2022-08-16 06:00:00,1.12,5.8,9.7,5.0,0.0
2022-08-16 12:00:00,1.06,6.6,5.9,33.0,0.497
2022-08-16 18:00:00,1.02,4.4,6.5,39.0,0.187
2022-08-17 00:00:00,1.03,3.199999999999999,7.6,12.0,0.0
2022-08-17 06:00:00,1.11,5.000000000000001,7.2,7.0,0.0
2022-08-17 12:00:00,1.08,5.2,8.3,40.0,0.709
2022-08-17 18:00:00,1.01,4.900000000000001,7.1,35.0,0.215
2022-08-18 00:00:00,0.98,2.9,5.0,14.0,0.0
2022-08-18 06:00:00,1.29,11.2,10.4,4.0,0.0
2022-08-18 12:00:00,1.14,6.9,13.3,45.0,0.724
2022-08-18 18:00:00,0.99,4.7,6.9,36.0,0.23
2022-08-19 00:00:00,1.02,3.7,6.3,15.0,-0.001200000000000007
2022-08-19 06:00:00,1.15,5.2,9.0,6.0,0.0
2022-08-19 12:00:00,1.19,4.900000000000001,11.3,53.0,0.686
2022-08-19 18:00:00,1.02,5.000000000000001,9.2,30.0,0.118
2022-08-20 00:00:00,1.0,4.8,7.3,12.0,0.01899999999999999
2022-08-20 06:00:00,1.12,3.8,7.5,12.0,0.0
2022-08-20 12:00:00,1.08,4.0,7.400000000000001,48.0,0.736
2022-08-20 18:00:00,0.99,5.000000000000001,5.199999999999999,32.0,0.26
2022-08-21 00:00:00,1.13,3.5,5.800000000000001,21.0,0.0
2022-08-21 06:00:00,1.08,3.0,6.0,16.0,-0.006000000000000005
2022-08-21 12:00:00,1.09,3.199999999999999,4.5,49.0,0.734
2022-08-21 18:00:00,1.06,4.1,5.300000000000001,40.0,0.176
2022-08-22 00:00:00,1.05,3.0,5.0,21.0,0.0
2022-08-22 06:00:00,1.2,6.800000000000001,11.6,4.0,0.0
2022-08-22 12:00:00,1.18,4.4,9.8,51.0,0.713
2022-08-22 18:00:00,1.03,3.8,7.0,53.0,0.205
2022-08-23 00:00:00,1.03,2.800000000000001,4.1,20.0,0.0
2022-08-23 06:00:00,1.09,3.199999999999999,8.600000000000001,13.0,0.0
2022-08-23 12:00:00,1.07,3.4,4.6,41.0,0.397
2022-08-23 18:00:00,1.08,5.7,7.400000000000001,32.0,0.17
2022-08-24 00:00:00,1.03,3.300000000000001,7.1,23.0,0.0
2022-08-24 06:00:00,1.18,3.0,12.3,10.0,0.0
2022-08-24 12:00:00,1.07,3.4,4.699999999999999,48.0,0.605
2022-08-24 18:00:00,1.25,3.8,11.5,29.0,0.01499999999999999
2022-08-25 00:00:00,1.13,3.199999999999999,9.3,21.0,0.0
2022-08-25 06:00:00,1.23,6.9,7.9,10.0,0.0
2022-08-25 12:00:00,1.1,3.6,6.0,46.0,0.607
2022-08-25 18:00:00,1.19,5.099999999999999,10.4,23.0,0.02299999999999999
2022-08-26 00:00:00,1.45,7.0,24.4,4.0,0.0
2022-08-26 06:00:00,1.26,4.4,10.7,5.0,0.0
2022-08-26 12:00:00,1.3,6.5,9.9,28.0,0.521
2022-08-26 18:00:00,1.49,6.1,18.2,17.0,0.01699999999999999
2022-08-27 00:00:00,1.39,3.1,17.7,8.0,0.0
2022-08-27 06:00:00,1.25,5.3,10.6,8.0,0.0
2022-08-27 12:00:00,1.23,4.0,8.3,47.0,0.713
2022-08-27 18:00:00,1.28,5.4,10.0,32.0,0.089
2022-08-28 00:00:00,1.22,3.9,8.4,15.0,0.0
2022-08-28 06:00:00,1.19,2.9,7.9,11.0,0.0
2022-08-28 12:00:00,1.27,9.8,13.0,30.0,0.712
2022-08-28 18:00:00,1.31,5.6,10.3,27.0,0.186
2022-08-29 00:00:00,1.16,3.1,5.1,17.0,-0.001200000000000007
2022-08-29 06:00:00,1.31,4.4,7.700000000000001,10.0,0.0
2022-08-29 12:00:00,1.35,8.3,13.2,36.0,0.687
2022-08-29 18:00:00,1.27,4.5,8.7,30.0,0.03800000000000001
2022-08-30 00:00:00,1.18,3.199999999999999,5.6,20.0,0.0
2022-08-30 06:00:00,1.31,5.000000000000001,9.2,12.0,0.0
2022-08-30 12:00:00,1.3,4.5,8.0,47.0,0.676
2022-08-30 18:00:00,1.34,5.5,13.1,29.0,0.046
2022-08-31 00:00:00,1.26,4.0,8.2,21.0,0.0
2022-08-31 06:00:00,1.48,5.9,13.2,6.0,0.0
2022-08-31 12:00:00,1.49,8.2,11.0,21.0,0.301
2022-08-31 18:00:00,1.31,4.6,7.8,35.0,0.212
2022-09-01 00:00:00,1.361580056179775,11.54556962025316,13.99522471910112,25.90928725701944,0.1595554006968641
2022-09-01 06:00:00,1.49,13.1,16.7,3.0,0.0
2022-09-01 12:00:00,1.4,8.5,6.100000000000001,27.0,0.691
2022-09-01 18:00:00,1.29,5.3,7.400000000000001,28.0,0.15
2022-09-02 00:00:00,1.3,2.6,5.699999999999999,21.0,0.0
2022-09-02 06:00:00,1.44,5.000000000000001,11.8,8.0,0.0
2022-09-02 12:00:00,1.38,4.6,6.9,44.0,0.645
2022-09-02 18:00:00,1.33,4.8,6.100000000000001,34.0,0.133
2022-09-03 00:00:00,1.39,2.9,9.4,15.0,0.0
2022-09-03 06:00:00,1.38,4.900000000000001,9.9,6.0,0.0
2022-09-03 12:00:00,1.39,4.5,5.5,34.0,0.751
2022-09-03 18:00:00,1.45,4.4,6.3,22.0,0.04100000000000001
2022-09-04 00:00:00,1.46,3.9,7.8,14.0,0.0
2022-09-04 06:00:00,1.35,3.199999999999999,4.5,14.0,0.0
2022-09-04 12:00:00,1.42,5.3,5.1,22.0,0.476
2022-09-04 18:00:00,1.52,5.5,7.5,17.0,0.0
2022-09-05 00:00:00,1.434,5.88,8.259999999999998,13.8,0.0
2022-09-05 06:00:00,1.434,5.88,8.259999999999998,13.8,0.0
2022-09-05 12:00:00,1.37,7.9,9.1,22.0,0.4530000000000001
2022-09-05 18:00:00,1.54,7.5,14.7,9.0,0.006000000000000005
2022-09-06 00:00:00,1.2,2.6,3.300000000000001,26.0,0.0
2022-09-06 06:00:00,1.37,4.900000000000001,13.2,5.0,0.0
2022-09-06 12:00:00,1.55,13.7,13.4,19.0,0.547
2022-09-06 18:00:00,1.31,4.5,7.1,16.0,0.05599999999999999
2022-09-07 00:00:00,1.27,3.300000000000001,8.2,16.0,0.0
2022-09-07 06:00:00,1.59,18.4,16.2,3.0,0.0
2022-09-07 12:00:00,1.3,5.5,8.7,35.0,0.685
2022-09-07 18:00:00,1.42,4.4,13.7,28.0,0.02499999999999999
2022-09-08 00:00:00,1.52,7.4,20.2,5.0,0.0
2022-09-08 06:00:00,2.4,56.7,20.7,2.199999999999999,0.0
2022-09-08 12:00:00,1.23,4.8,7.2,53.0,0.698
2022-09-08 18:00:00,1.28,6.800000000000001,12.1,52.0,0.154
2022-09-09 00:00:00,1.48,2.6,19.3,28.0,0.0
2022-09-09 06:00:00,1.48,7.8,20.7,4.0,0.0
2022-09-09 12:00:00,1.4,5.9,13.2,61.0,0.718
2022-09-09 18:00:00,1.28,3.6,7.8,60.0,0.163
2022-09-10 00:00:00,1.33,3.6,12.7,23.0,0.0
2022-09-10 06:00:00,1.36,3.5,16.3,10.0,0.0
2022-09-10 12:00:00,1.35,4.900000000000001,8.5,56.0,0.714
2022-09-10 18:00:00,1.26,3.300000000000001,7.2,43.0,0.144
2022-09-11 00:00:00,1.29,2.6,5.4,29.0,0.0
2022-09-11 06:00:00,1.33,2.5,8.8,16.0,0.0
2022-09-11 12:00:00,1.27,3.7,6.100000000000001,57.0,0.716
2022-09-11 18:00:00,1.18,3.300000000000001,6.3,49.0,0.167
2022-09-12 00:00:00,1.23,2.5,4.300000000000001,34.0,0.0
2022-09-12 06:00:00,1.35,3.0,18.0,10.0,0.0
2022-09-12 12:00:00,1.25,6.1,9.7,53.0,0.726
2022-09-12 18:00:00,1.22,3.9,7.3,50.0,0.106
2022-09-13 00:00:00,1.27,2.699999999999999,4.800000000000001,30.0,0.0
2022-09-13 06:00:00,1.4,4.4,16.7,9.0,0.0
2022-09-13 12:00:00,1.36,5.4,7.2,49.0,0.525
2022-09-13 18:00:00,1.36,5.2,8.0,43.0,0.084
2022-09-14 00:00:00,1.26,2.5,7.2,31.0,0.0
2022-09-14 06:00:00,1.361580056179775,11.54556962025316,13.99522471910112,25.90928725701944,0.1595554006968641
2022-09-14 12:00:00,1.35,4.4,6.0,49.0,0.494
2022-09-14 18:00:00,1.31,4.1,7.3,41.0,0.118
2022-09-15 00:00:00,1.27,2.800000000000001,4.4,25.0,0.0
2022-09-15 06:00:00,1.43,7.5,9.5,14.0,0.0
2022-09-15 12:00:00,1.5,10.3,8.3,33.0,0.387
2022-09-15 18:00:00,1.52,4.7,7.3,25.0,0.049
2022-09-16 00:00:00,1.44,3.5,13.0,6.0,0.0
2022-09-16 06:00:00,1.34,3.4,7.400000000000001,11.0,0.0
2022-09-16 12:00:00,1.37,4.4,5.1,31.0,0.4620000000000001
2022-09-16 18:00:00,1.35,6.7,4.4,28.0,0.104
2022-09-17 00:00:00,1.34,3.1,6.2,18.0,0.0
2022-09-17 06:00:00,1.3,4.1,10.3,7.0,0.0
2022-09-17 12:00:00,1.37,5.2,4.800000000000001,33.0,0.52
2022-09-17 18:00:00,1.434,5.88,8.259999999999998,13.8,0.0
2022-09-18 00:00:00,1.41,3.9,7.700000000000001,14.0,0.0
2022-09-18 06:00:00,1.3,2.699999999999999,6.8,10.0,0.0
2022-09-18 12:00:00,1.32,4.1,3.9,28.0,0.483
2022-09-18 18:00:00,1.36,5.4,5.800000000000001,19.0,0.05199999999999999
2022-09-19 00:00:00,1.35,3.7,6.7,11.0,0.0
2022-09-19 06:00:00,1.41,5.000000000000001,7.6,8.0,0.0
2022-09-19 12:00:00,1.38,5.9,5.300000000000001,31.0,0.4530000000000001
2022-09-19 18:00:00,1.33,4.6,5.6,26.0,0.128
2022-09-20 00:00:00,1.33,3.1,6.3,14.0,0.0
2022-09-20 06:00:00,1.37,5.8,10.3,4.0,0.0
2022-09-20 12:00:00,1.42,4.8,8.600000000000001,50.0,0.513
2022-09-20 18:00:00,1.36,5.7,6.5,15.0,0.111
2022-09-21 00:00:00,1.36,10.5,14.6,3.0,0.0
2022-09-21 06:00:00,1.47,7.1,10.6,5.0,0.0
2022-09-21 12:00:00,1.4,4.900000000000001,7.400000000000001,42.0,0.484
2022-09-21 18:00:00,1.36,4.8,7.400000000000001,36.0,0.099
2022-09-22 00:00:00,1.35,2.699999999999999,6.3,26.0,0.0
2022-09-22 06:00:00,1.6,3.8,19.2,7.0,0.0
2022-09-22 12:00:00,1.53,6.7,9.5,54.0,0.523
2022-09-22 18:00:00,1.33,4.7,7.1,35.0,0.111
2022-09-23 00:00:00,1.37,3.0,16.8,20.0,0.0
2022-09-23 06:00:00,1.48,2.9,16.9,11.0,0.0
2022-09-23 12:00:00,1.45,7.2,10.4,50.0,0.516
2022-09-23 18:00:00,1.36,4.6,10.6,45.0,0.08
2022-09-24 00:00:00,1.41,3.4,6.100000000000001,33.0,0.0
2022-09-24 06:00:00,1.47,2.6,15.2,15.0,0.0
2022-09-24 12:00:00,1.54,5.4,13.6,63.0,0.501
2022-09-24 18:00:00,1.45,4.3,9.3,42.0,0.121
2022-09-25 00:00:00,1.5,3.8,11.7,18.0,0.0
2022-09-25 06:00:00,1.42,2.5,8.5,11.0,0.0
2022-09-25 12:00:00,1.39,2.9,5.1,55.0,0.488
2022-09-25 18:00:00,1.35,3.4,4.800000000000001,39.0,0.095
2022-09-26 00:00:00,1.434,5.88,8.259999999999998,13.8,0.0
2022-09-26 06:00:00,1.54,6.3,24.4,4.0,0.0
2022-09-26 12:00:00,1.33,5.099999999999999,8.5,48.0,0.493
2022-09-26 18:00:00,1.59,6.6,15.9,17.0,0.01100000000000001
2022-09-27 00:00:00,1.434,5.88,8.259999999999998,13.8,0.0
2022-09-27 06:00:00,2.2,48.39999999999999,19.0,4.200000000000003,0.0
2022-09-27 12:00:00,1.36,3.5,5.699999999999999,49.0,0.507
2022-09-27 18:00:00,1.38,3.300000000000001,9.0,48.0,0.05199999999999999
2022-09-28 00:00:00,1.36,2.4,5.300000000000001,47.0,0.0
2022-09-28 06:00:00,1.57,4.5,15.0,30.0,0.0
2022-09-28 12:00:00,1.31,4.4,7.2,63.0,0.514
2022-09-28 18:00:00,1.32,4.7,8.8,54.0,0.105
2022-09-29 00:00:00,1.3,2.9,9.5,33.0,0.0
2022-09-29 06:00:00,1.57,8.6,28.4,6.0,0.0
2022-09-29 12:00:00,1.38,7.2,7.3,57.0,0.517
2022-09-29 18:00:00,1.29,5.2,8.2,50.0,0.096
2022-09-30 00:00:00,1.64,10.9,31.1,10.0,0.0
2022-09-30 06:00:00,1.54,14.2,30.5,4.0,0.0
2022-09-30 12:00:00,1.39,6.0,13.9,55.0,0.513
2022-09-30 18:00:00,1.24,3.9,9.8,52.0,0.097
2022-10-01 00:00:00,1.434,5.88,8.259999999999998,13.8,0.0
2022-10-01 06:00:00,1.43,3.4,30.2,10.0,0.0
2022-10-01 12:00:00,1.46,5.3,14.0,63.0,0.513
2022-10-01 18:00:00,1.26,4.8,9.9,50.0,0.084
2022-10-02 00:00:00,1.33,3.6,5.9,38.0,0.0
2022-10-02 06:00:00,1.28,2.699999999999999,7.5,35.0,0.0
2022-10-02 12:00:00,1.31,3.7,5.4,57.0,0.4390000000000001
2022-10-02 18:00:00,1.31,4.4,8.3,44.0,0.059
2022-10-03 00:00:00,1.26,2.4,11.2,33.0,0.0
2022-10-03 06:00:00,1.34,3.5,8.4,34.0,0.0
2022-10-03 12:00:00,1.4,5.099999999999999,7.2,42.0,0.347
2022-10-03 18:00:00,1.45,6.4,16.6,29.0,0.01899999999999999
2022-10-04 00:00:00,1.32,3.1,7.6,35.0,0.0
2022-10-04 06:00:00,1.39,3.5,13.3,31.0,0.0
2022-10-04 12:00:00,1.42,4.6,9.6,45.0,0.172
2022-10-04 18:00:00,1.43,4.3,10.3,42.0,0.05399999999999999
2022-10-05 00:00:00,1.32,3.1,9.2,33.0,0.0
2022-10-05 06:00:00,1.41,3.6,13.6,24.0,0.0
2022-10-05 12:00:00,1.56,6.0,12.9,33.0,0.129
2022-10-05 18:00:00,1.44,5.099999999999999,9.3,35.0,0.04000000000000001
2022-10-06 00:00:00,1.44,2.800000000000001,19.1,13.0,0.0
2022-10-06 06:00:00,1.48,6.5,17.1,12.0,0.0
2022-10-06 12:00:00,1.57,10.0,19.0,23.0,0.168
2022-10-06 18:00:00,1.66,3.6,20.0,28.0,0.002000000000000002
2022-10-07 00:00:00,1.66,3.300000000000001,22.8,9.0,0.0
2022-10-07 06:00:00,1.61,4.5,24.6,7.0,0.0
2022-10-07 12:00:00,1.4,5.8,11.5,34.0,0.288
2022-10-07 18:00:00,1.56,5.6,15.8,50.0,0.02299999999999999
2022-10-08 00:00:00,1.41,3.0,8.3,28.0,0.0
2022-10-08 06:00:00,1.43,2.6,12.4,24.0,0.0
2022-10-08 12:00:00,1.66,8.5,17.5,23.0,0.104
2022-10-08 18:00:00,1.63,6.0,19.3,29.0,0.01400000000000001
2022-10-09 00:00:00,2.45,11.5,28.0,3.0,0.0
2022-10-09 06:00:00,1.68,4.6,26.0,4.0,0.0
2022-10-09 12:00:00,1.48,4.2,9.1,69.0,0.41
2022-10-09 18:00:00,1.48,4.0,7.9,51.0,0.03800000000000001
2022-10-10 00:00:00,1.41,2.4,5.0,45.0,0.0
2022-10-10 06:00:00,1.59,3.6,19.4,22.0,0.0
2022-10-10 12:00:00,1.54,5.6,11.4,45.0,0.192
2022-10-10 18:00:00,1.86,7.5,23.7,18.0,0.006000000000000005
2022-10-11 00:00:00,1.55,3.9,21.0,10.0,0.0
2022-10-11 06:00:00,1.59,6.4,17.3,14.0,0.0
2022-10-11 12:00:00,1.45,5.4,9.1,49.0,0.289
2022-10-11 18:00:00,1.56,4.6,10.5,33.0,0.043
2022-10-12 00:00:00,2.68,54.3,28.3,2.0,0.0
2022-10-12 06:00:00,2.62,109.1,27.5,4.399999999999999,0.0
2022-10-12 12:00:00,1.47,4.2,9.0,53.0,0.476
2022-10-12 18:00:00,1.54,3.8,13.3,48.0,0.063
2022-10-13 00:00:00,1.9,2.5,27.6,34.0,0.0
2022-10-13 06:00:00,2.03,36.0,33.1,2.0,0.0
2022-10-13 12:00:00,1.34,5.4,6.7,53.0,0.482
2022-10-13 18:00:00,1.44,4.5,15.3,39.0,0.02099999999999999
2022-10-14 00:00:00,1.58,5.000000000000001,23.4,6.0,0.0
2022-10-14 06:00:00,1.6,8.4,21.0,3.0,0.0
2022-10-14 12:00:00,1.47,6.4,10.1,38.0,0.469
2022-10-14 18:00:00,1.46,4.2,7.5,31.0,0.05599999999999999
2022-10-15 00:00:00,1.42,3.4,5.0,17.0,0.0
2022-10-15 06:00:00,1.45,4.4,9.7,8.0,0.0
2022-10-15 12:00:00,1.48,4.6,6.4,36.0,0.469
2022-10-15 18:00:00,1.51,3.9,7.6,30.0,0.05399999999999999
2022-10-16 00:00:00,1.5,3.300000000000001,6.0,14.0,0.0
2022-10-16 06:00:00,1.47,3.5,5.6,11.0,0.0
2022-10-16 12:00:00,1.49,3.300000000000001,5.300000000000001,40.0,0.415
2022-10-16 18:00:00,1.63,5.5,7.2,31.0,0.05299999999999999
2022-10-17 00:00:00,1.43,3.0,4.199999999999999,15.0,0.0
2022-10-17 06:00:00,1.56,5.000000000000001,8.8,9.0,0.0
2022-10-17 12:00:00,1.53,5.3,8.2,48.0,0.4570000000000001
2022-10-17 18:00:00,1.47,3.1,7.2,22.0,0.004000000000000004
2022-10-18 00:00:00,1.38,2.4,5.4,25.0,0.0
2022-10-18 06:00:00,1.43,2.699999999999999,8.7,29.0,0.0
2022-10-18 12:00:00,1.41,5.4,11.1,29.0,0.12
2022-10-18 18:00:00,1.41,3.0,12.9,22.0,0.003000000000000003
2022-10-19 00:00:00,1.57,2.6,23.7,8.0,0.0
2022-10-19 06:00:00,1.56,30.8,24.8,2.0,0.0
2022-10-19 12:00:00,1.28,4.3,8.4,52.0,0.31
2022-10-19 18:00:00,1.41,4.900000000000001,10.8,39.0,0.036
2022-10-20 00:00:00,1.5,2.800000000000001,18.6,17.0,0.0
2022-10-20 06:00:00,1.71,58.0,29.0,3.400000000000002,0.0
2022-10-20 12:00:00,1.42,7.7,14.9,44.0,0.473
2022-10-20 18:00:00,1.53,4.6,18.5,64.0,0.045
2022-10-21 00:00:00,2.13,32.2,33.2,2.0,0.0
2022-10-21 06:00:00,1.73,28.0,28.3,4.000000000000004,0.0
2022-10-21 12:00:00,1.48,6.2,18.1,56.0,0.4660000000000001
2022-10-21 18:00:00,1.49,3.4,14.3,78.0,0.04200000000000001
2022-10-22 00:00:00,1.62,4.4,24.0,9.0,0.0
2022-10-22 06:00:00,1.63,22.0,23.5,3.599999999999998,0.0
2022-10-22 12:00:00,2.34,15.5,55.1,55.0,0.4630000000000001
2022-10-22 18:00:00,1.55,4.900000000000001,10.4,33.0,0.036
2022-10-23 00:00:00,1.58,3.8,14.4,14.0,0.0
2022-10-23 06:00:00,1.41,2.699999999999999,10.4,13.0,0.0
2022-10-23 12:00:00,1.7,8.2,17.4,33.0,0.296
2022-10-23 18:00:00,1.7,4.4,8.5,30.0,0.01699999999999999
2022-10-24 00:00:00,1.53,3.0,7.6,21.0,0.0
2022-10-24 06:00:00,1.7,6.4,13.4,7.0,0.0
2022-10-24 12:00:00,1.65,5.7,13.4,47.0,0.378
2022-10-24 18:00:00,1.68,3.7,13.7,61.0,0.036
2022-10-25 00:00:00,2.3,57.59999999999999,35.5,2.0,0.0
2022-10-25 06:00:00,1.1,2.5,7.8,37.0,0.0
2022-10-25 12:00:00,1.06,3.1,4.1,45.0,0.4610000000000001
2022-10-25 18:00:00,1.31,4.7,13.0,58.0,0.03900000000000001
2022-10-26 00:00:00,1.23,3.199999999999999,13.7,30.0,0.0
2022-10-26 06:00:00,1.36,5.9,26.1,6.0,0.0
2022-10-26 12:00:00,1.35,5.3,7.3,47.0,0.4550000000000001
2022-10-26 18:00:00,1.42,5.000000000000001,9.8,39.0,0.03800000000000001
2022-10-27 00:00:00,1.35,2.800000000000001,6.4,36.0,0.0
2022-10-27 06:00:00,1.63,8.6,20.5,12.0,0.0
2022-10-27 12:00:00,1.54,5.9,8.899999999999999,43.0,0.399
2022-10-27 18:00:00,1.53,4.5,9.8,36.0,0.035
2022-10-28 00:00:00,2.14,27.9,29.5,2.0,0.0
2022-10-28 06:00:00,2.02,31.9,25.9,4.800000000000004,0.0
2022-10-28 12:00:00,1.4,3.4,5.6,41.0,0.4320000000000001
2022-10-28 18:00:00,1.26,3.9,9.1,38.0,0.036
2022-10-29 00:00:00,1.25,2.4,14.5,31.0,0.0
2022-10-29 06:00:00,1.32,2.699999999999999,22.6,19.0,0.0
2022-10-29 12:00:00,1.39,7.4,15.7,44.0,0.4470000000000001
2022-10-29 18:00:00,1.42,4.4,13.0,63.0,0.029
2022-10-30 00:00:00,1.52,4.6,13.8,33.0,0.0
2022-10-30 06:00:00,1.62,5.000000000000001,25.5,8.0,0.0
2022-10-30 12:00:00,1.39,5.099999999999999,11.3,59.0,0.4430000000000001
2022-10-30 18:00:00,1.41,4.2,7.700000000000001,45.0,0.034
2022-10-31 00:00:00,1.55,4.0,19.0,16.0,0.0
2022-10-31 06:00:00,1.37,2.699999999999999,11.0,22.0,0.0
2022-10-31 12:00:00,1.9,11.1,22.9,13.0,0.075
2022-10-31 18:00:00,1.89,5.9,20.7,15.0,0.008000000000000007
2022-11-01 00:00:00,1.434,5.88,8.259999999999998,13.8,0.0
2022-11-01 06:00:00,1.71,4.2,19.9,9.0,0.0
2022-11-01 12:00:00,1.7,3.6,5.699999999999999,35.0,0.282
2022-11-01 18:00:00,1.74,3.1,11.8,30.0,0.01000000000000001
2022-11-02 00:00:00,1.73,3.300000000000001,6.7,27.0,0.0
2022-11-02 06:00:00,1.77,3.9,7.5,20.0,0.0
2022-11-02 12:00:00,1.84,4.8,11.9,34.0,0.139
2022-11-02 18:00:00,1.99,8.2,17.4,15.0,0.003000000000000003
2022-11-03 00:00:00,1.79,3.199999999999999,6.100000000000001,21.0,0.0
2022-11-03 06:00:00,1.81,3.5,13.5,7.0,0.0
2022-11-03 12:00:00,2.0,11.1,11.3,20.0,0.248
2022-11-03 18:00:00,2.0,7.6,15.5,21.0,0.027
2022-11-04 00:00:00,1.85,4.8,12.0,8.0,0.0
2022-11-04 06:00:00,1.74,2.9,9.4,10.0,0.0
2022-11-04 12:00:00,2.38,13.6,31.5,37.0,0.422
2022-11-04 18:00:00,2.01,5.2,16.8,40.0,0.029
2022-11-05 00:00:00,1.62,2.800000000000001,7.400000000000001,28.0,0.0
2022-11-05 06:00:00,1.35,11.64,5.5,43.0,0.0
2022-11-05 12:00:00,1.41,3.7,6.6,50.0,0.4410000000000001
2022-11-05 18:00:00,1.69,3.5,12.8,58.0,0.029
2022-11-06 00:00:00,2.37,11.6,34.9,7.0,0.0
2022-11-06 06:00:00,2.58,67.9,31.7,2.999999999999996,0.0
2022-11-06 12:00:00,1.62,4.8,13.2,56.0,0.4430000000000001
2022-11-06 18:00:00,1.98,3.8,19.2,86.0,0.029
2022-11-07 00:00:00,3.48,46.5,44.3,2.0,0.0
2022-11-07 06:00:00,1.9,5.2,16.6,4.0,0.0
2022-11-07 12:00:00,1.85,5.8,11.4,42.0,0.415
2022-11-07 18:00:00,1.88,5.5,10.3,16.0,0.02099999999999999
2022-11-08 00:00:00,1.81,3.7,5.800000000000001,17.0,0.0
2022-11-08 06:00:00,1.77,3.5,7.5,15.0,0.0
2022-11-08 12:00:00,1.82,4.900000000000001,5.9,26.0,0.303
2022-11-08 18:00:00,1.95,6.0,16.0,16.0,0.01000000000000001
2022-11-09 00:00:00,1.8,4.0,7.3,21.0,0.0
2022-11-09 06:00:00,1.8,3.1,6.4,16.0,0.0
2022-11-09 12:00:00,1.86,6.5,8.5,24.0,0.183
2022-11-09 18:00:00,1.97,7.6,14.2,17.0,0.02199999999999999
2022-11-10 00:00:00,1.83,3.199999999999999,6.2,19.0,0.0
2022-11-10 06:00:00,1.89,3.6,8.4,14.0,0.0
2022-11-10 12:00:00,2.02,8.2,12.7,32.0,0.4510000000000001
2022-11-10 18:00:00,2.06,4.2,19.6,54.0,0.01200000000000001
2022-11-11 00:00:00,2.42,15.9,27.7,3.0,0.0
2022-11-11 06:00:00,1.87,2.6,8.0,13.0,0.0
2022-11-11 12:00:00,2.08,5.3,15.3,49.0,0.406
2022-11-11 18:00:00,2.12,5.2,16.9,51.0,0.01599999999999999
2022-11-12 00:00:00,1.71,2.5,6.6,27.0,0.0
2022-11-12 06:00:00,1.62,2.4,7.700000000000001,21.0,0.0
2022-11-12 12:00:00,1.61,5.2,6.0,27.0,0.314
2022-11-12 18:00:00,1.66,4.2,9.8,33.0,0.02399999999999999
2022-11-13 00:00:00,1.64,3.0,8.0,31.0,0.0
2022-11-13 06:00:00,1.58,2.199999999999999,6.6,27.0,0.0
2022-11-13 12:00:00,1.6,4.1,5.0,39.0,0.407
2022-11-13 18:00:00,1.86,5.000000000000001,8.8,34.0,0.02499999999999999
2022-11-14 00:00:00,1.78,3.0,7.1,26.0,0.0
2022-11-14 06:00:00,1.9,10.4,19.7,6.0,0.0
2022-11-14 12:00:00,1.478,16.0,27.9,30.0,0.419
2022-11-14 18:00:00,0.76,3.1,14.4,36.0,0.02099999999999999
2022-11-15 00:00:00,0.71,3.4,19.1,19.0,0.0
2022-11-15 06:00:00,0.4699999999999999,2.6,10.9,27.0,0.0
2022-11-15 12:00:00,0.66,7.9,13.2,30.0,0.312
2022-11-15 18:00:00,0.62,4.3,12.0,33.0,0.01100000000000001
2022-11-16 00:00:00,0.57,3.300000000000001,9.3,29.0,0.0
2022-11-16 06:00:00,0.54,3.0,10.4,21.0,0.0
2022-11-16 12:00:00,0.57,5.7,11.5,20.0,0.115
2022-11-16 18:00:00,0.57,3.7,16.1,18.0,0.004000000000000004
2022-11-17 00:00:00,0.49,2.9,13.6,17.0,0.0
2022-11-17 06:00:00,0.4699999999999999,2.5,6.8,25.0,0.0
2022-11-17 12:00:00,0.62,6.9,15.5,21.0,0.109
2022-11-17 18:00:00,0.93,7.9,28.0,14.0,0.006000000000000005
2022-11-18 00:00:00,0.73,4.6,17.5,12.0,0.0
2022-11-18 06:00:00,0.58,3.4,13.2,18.0,0.0
2022-11-18 12:00:00,0.9099999999999999,12.9,25.5,16.0,0.102
2022-11-18 18:00:00,0.78,4.7,17.2,17.0,0.0
2022-11-19 00:00:00,0.61,2.800000000000001,9.2,21.0,0.0
2022-11-19 06:00:00,0.55,2.800000000000001,6.6,21.0,0.0
2022-11-19 12:00:00,0.66,5.000000000000001,9.1,21.0,0.084
2022-11-19 18:00:00,0.63,3.5,12.1,19.0,0.002000000000000002
2022-11-20 00:00:00,0.59,3.0,10.4,16.0,0.0
2022-11-20 06:00:00,0.5200000000000001,2.5,6.3,18.0,0.0
2022-11-20 12:00:00,0.59,4.1,6.6,21.0,0.076
2022-11-20 18:00:00,0.67,3.5,10.7,15.0,0.001000000000000001
2022-11-21 00:00:00,0.56,2.800000000000001,10.0,18.0,0.0
2022-11-21 06:00:00,0.49,2.6,4.800000000000001,22.0,0.0
2022-11-21 12:00:00,0.66,5.8,9.4,16.0,0.088
2022-11-21 18:00:00,0.81,7.0,12.7,14.0,0.002000000000000002
2022-11-22 00:00:00,0.67,5.8,19.4,5.0,0.0
2022-11-22 06:00:00,0.6,5.000000000000001,14.1,7.0,0.0
2022-11-22 12:00:00,0.84,21.1,19.1,13.0,0.189
2022-11-22 18:00:00,1.21,16.1,37.1,9.0,0.007000000000000006
2022-11-23 00:00:00,0.7,5.5,10.6,12.0,0.0
2022-11-23 06:00:00,0.65,5.8,12.4,8.0,0.0
2022-11-23 12:00:00,0.99,20.8,21.8,11.0,0.131
2022-11-23 18:00:00,1.11,12.8,29.2,7.0,0.003000000000000003
2022-11-24 00:00:00,1.24,23.5,21.8,5.0,0.0
2022-11-24 06:00:00,1.16,27.7,25.58,9.8,0.0
2022-11-24 12:00:00,1.44,23.2,34.9,22.0,0.385
2022-11-24 18:00:00,1.11,4.1,28.7,48.0,0.004000000000000004
2022-11-25 00:00:00,0.71,3.1,7.6,17.0,0.0
2022-11-25 06:00:00,0.54,2.800000000000001,9.8,22.0,0.0
2022-11-25 12:00:00,0.65,5.6,11.4,21.0,0.148
2022-11-25 18:00:00,0.71,5.2,12.9,11.0,0.002000000000000002
2022-11-26 00:00:00,0.74,4.2,13.0,9.0,0.0
2022-11-26 06:00:00,0.55,2.9,9.2,16.0,0.0
2022-11-26 12:00:00,0.85,13.7,13.0,18.0,0.389
2022-11-26 18:00:00,0.99,5.3,20.2,28.0,0.01999999999999999
2022-11-27 00:00:00,3.34,114.4,39.7,5.0,0.0
2022-11-27 06:00:00,2.59,102.8,24.9,4.399999999999999,0.0
2022-11-27 12:00:00,1.14,16.3,33.3,27.0,0.405
2022-11-27 18:00:00,1.42,13.3,42.6,35.0,0.02099999999999999
2022-11-28 00:00:00,2.84,128.6,52.6,5.0,0.0
2022-11-28 06:00:00,1.56,65.2,45.8,4.399999999999999,0.0
2022-11-28 12:00:00,1.01,9.9,27.8,34.0,0.373
2022-11-28 18:00:00,0.96,5.4,20.4,35.0,0.01599999999999999
2022-11-29 00:00:00,0.9,6.0,12.9,12.0,0.0
2022-11-29 06:00:00,1.41,40.4,27.0,3.199999999999999,0.0
2022-11-29 12:00:00,1.3,24.6,35.1,23.0,0.381
2022-11-29 18:00:00,1.41,15.8,44.1,20.0,0.01899999999999999
2022-11-30 00:00:00,3.59,164.7,53.2,5.0,0.0
2022-11-30 06:00:00,1.84,95.6,41.0,4.000000000000004,0.0
2022-11-30 12:00:00,0.7,7.5,10.0,21.0,0.34
2022-11-30 18:00:00,0.73,5.2,19.1,15.0,0.001000000000000001
2022-12-01 00:00:00,1.361580056179775,11.54556962025316,13.99522471910112,25.90928725701944,0.1595554006968641
2022-12-01 06:00:00,0.6,2.9,7.700000000000001,23.0,0.0
2022-12-01 12:00:00,1.08,21.1,29.0,8.0,0.048
2022-12-01 18:00:00,1.361580056179775,11.54556962025316,13.99522471910112,25.90928725701944,0.1595554006968641
2022-12-02 00:00:00,0.96,14.7,18.3,5.0,0.0
2022-12-02 06:00:00,0.85,5.9,14.5,5.0,0.0
2022-12-02 12:00:00,1.54,35.7,31.3,12.0,0.281
2022-12-02 18:00:00,1.54,8.9,46.6,23.0,0.01300000000000001
2022-12-03 00:00:00,0.97,6.0,14.2,8.0,0.0
2022-12-03 06:00:00,1.48,29.4,28.0,5.0,0.0
2022-12-03 12:00:00,1.36,23.2,30.7,9.0,0.074
2022-12-03 18:00:00,1.31,12.5,19.5,7.0,0.0
2022-12-04 00:00:00,1.06,5.9,9.3,10.0,0.0
2022-12-04 06:00:00,0.82,4.0,10.0,6.0,0.0
2022-12-04 12:00:00,1.08,21.0,13.1,6.0,0.029
2022-12-04 18:00:00,1.12,6.3,19.4,11.0,0.002000000000000002
2022-12-05 00:00:00,1.37,23.7,14.9,5.400000000000002,0.0
2022-12-05 06:00:00,0.84,6.1,9.2,6.0,0.0
2022-12-05 12:00:00,1.31,17.4,20.6,16.0,0.326
2022-12-05 18:00:00,1.23,5.3,28.3,45.0,0.01100000000000001
2022-12-06 00:00:00,2.41,131.4,36.3,4.799999999999997,0.0
2022-12-06 06:00:00,1.85,82.4,18.6,17.0,0.0
2022-12-06 12:00:00,1.04,13.5,17.6,21.0,0.342
2022-12-06 18:00:00,1.28,8.5,21.8,38.0,0.01200000000000001
2022-12-07 00:00:00,2.29,49.5,40.7,2.399999999999999,0.0
2022-12-07 06:00:00,0.87,4.0,11.1,12.0,0.0
2022-12-07 12:00:00,1.04,9.4,16.5,18.0,0.133
2022-12-07 18:00:00,1.16,7.2,19.5,19.0,0.007000000000000006
2022-12-08 00:00:00,1.21,8.6,23.8,7.0,0.0
2022-12-08 06:00:00,0.92,4.4,12.0,11.0,0.0
2022-12-08 12:00:00,0.9099999999999999,7.6,13.1,20.0,0.191
2022-12-08 18:00:00,1.39,5.7,31.1,37.0,0.01000000000000001
2022-12-09 00:00:00,3.53,181.4,58.3,4.599999999999998,0.0
2022-12-09 06:00:00,1.04,6.7,20.8,6.0,0.0
2022-12-09 12:00:00,0.93,7.2,11.6,20.0,0.219
2022-12-09 18:00:00,1.25,6.2,24.0,47.0,0.009000000000000008
2022-12-10 00:00:00,1.33,13.8,32.4,7.0,0.0
2022-12-10 06:00:00,0.87,3.8,10.7,11.0,0.0
2022-12-10 12:00:00,0.98,10.5,13.3,16.0,0.147
2022-12-10 18:00:00,1.14,5.5,19.8,37.0,0.01200000000000001
2022-12-11 00:00:00,2.82,78.6,44.4,3.799999999999997,0.0
2022-12-11 06:00:00,1.0,3.9,14.0,11.0,0.0
2022-12-11 12:00:00,0.86,4.2,7.3,20.0,0.141
2022-12-11 18:00:00,1.06,5.7,15.1,22.0,0.008000000000000007
2022-12-12 00:00:00,1.25,7.2,23.8,9.0,0.0
2022-12-12 06:00:00,0.92,3.5,13.8,13.0,0.0
2022-12-12 12:00:00,1.04,10.3,18.8,22.0,0.198
2022-12-12 18:00:00,1.22,5.2,23.8,54.0,0.01799999999999999
2022-12-13 00:00:00,3.37,93.7,62.7,4.199999999999999,0.0
2022-12-13 06:00:00,1.12,5.7,25.2,6.0,0.0
2022-12-13 12:00:00,1.29,14.2,32.2,30.0,0.348
2022-12-13 18:00:00,1.12,5.8,29.9,33.0,0.01499999999999999
2022-12-14 00:00:00,1.23,27.9,33.8,5.0,0.0
2022-12-14 06:00:00,0.64,3.0,7.2,26.0,0.0
2022-12-14 12:00:00,0.62,4.4,6.7,34.0,0.356
2022-12-14 18:00:00,0.74,8.9,15.0,34.0,0.01599999999999999
2022-12-15 00:00:00,1.39,23.3,41.4,7.0,0.0
2022-12-15 06:00:00,0.94,18.3,32.5,6.0,0.0
2022-12-15 12:00:00,0.85,10.1,20.5,41.0,0.352
2022-12-15 18:00:00,0.82,6.5,16.9,29.0,0.01699999999999999
2022-12-16 00:00:00,1.0,9.0,35.5,8.0,0.0
2022-12-16 06:00:00,0.93,16.8,34.0,5.0,0.0
2022-12-16 12:00:00,0.86,7.1,14.7,32.0,0.342
2022-12-16 18:00:00,1.01,6.2,22.2,36.0,0.01200000000000001
2022-12-17 00:00:00,0.61,2.9,12.4,28.0,0.0
2022-12-17 06:00:00,0.56,2.800000000000001,8.4,22.0,0.0
2022-12-17 12:00:00,0.62,5.5,10.1,23.0,0.162
2022-12-17 18:00:00,1.434,5.88,8.259999999999998,13.8,0.0
2022-12-18 00:00:00,0.63,4.0,9.5,26.0,0.0
2022-12-18 06:00:00,0.5299999999999999,3.1,10.2,22.0,0.0
2022-12-18 12:00:00,0.73,7.1,10.0,23.0,0.048
2022-12-18 18:00:00,1.01,7.1,24.0,11.0,0.001000000000000001
2022-12-19 00:00:00,0.95,5.000000000000001,23.1,6.0,0.0
2022-12-19 06:00:00,0.8799999999999999,7.6,20.1,5.0,0.0
2022-12-19 12:00:00,0.99,16.8,15.8,14.0,0.25
2022-12-19 18:00:00,1.24,13.3,26.8,14.0,0.01499999999999999
2022-12-20 00:00:00,1.79,45.2,26.4,2.999999999999996,0.0
2022-12-20 06:00:00,1.66,105.4,17.7,5.0,0.0
2022-12-20 12:00:00,1.16,19.5,32.5,22.0,0.338
2022-12-20 18:00:00,0.8,5.4,16.4,30.0,0.02099999999999999
2022-12-21 00:00:00,0.81,4.5,15.0,17.0,0.0
2022-12-21 06:00:00,0.7,3.300000000000001,9.9,13.0,0.0
2022-12-21 12:00:00,0.95,10.6,13.0,19.0,0.089
2022-12-21 18:00:00,1.0,13.3,19.0,9.0,0.001000000000000001
2022-12-22 00:00:00,0.95,6.4,17.0,7.0,0.0
2022-12-22 06:00:00,1.06,24.8,23.3,5.0,0.0
2022-12-22 12:00:00,1.87,57.0,56.8,15.0,0.347
2022-12-22 18:00:00,1.33,5.2,44.4,73.0,0.01999999999999999
2022-12-23 00:00:00,0.56,3.4,6.4,14.0,0.0
2022-12-23 06:00:00,0.45,3.8,6.5,16.0,0.0
2022-12-23 12:00:00,0.4699999999999999,4.7,7.5,20.0,0.086
2022-12-23 18:00:00,0.63,8.8,15.9,16.0,0.008000000000000007
2022-12-24 00:00:00,0.5299999999999999,3.8,12.8,16.0,0.0
2022-12-24 06:00:00,0.3400000000000001,2.5,8.1,20.0,0.0
2022-12-24 12:00:00,0.4600000000000001,6.9,8.899999999999999,23.0,0.234
2022-12-24 18:00:00,0.75,9.2,24.3,19.0,0.02099999999999999
2022-12-25 00:00:00,0.79,5.3,14.1,19.0,0.0
2022-12-25 06:00:00,1.08,8.0,29.2,6.0,0.0
2022-12-25 12:00:00,0.5299999999999999,6.1,10.7,30.0,0.349
2022-12-25 18:00:00,0.74,5.4,18.8,43.0,0.02099999999999999
2022-12-26 00:00:00,0.99,15.1,35.4,6.0,0.0
2022-12-26 06:00:00,1.96,87.7,29.9,4.400000000000002,0.0
2022-12-26 12:00:00,1.58,61.0,61.0,15.0,0.473
2022-12-26 18:00:00,1.1,9.8,41.2,47.0,0.01899999999999999
2022-12-27 00:00:00,1.434,5.88,8.259999999999998,13.8,0.0
2022-12-27 06:00:00,1.17,58.89999999999999,35.89999999999999,5.0,0.0
2022-12-27 12:00:00,0.48,6.1,11.1,35.0,0.352
2022-12-27 18:00:00,0.64,6.1,17.6,38.0,0.02499999999999999
2022-12-28 00:00:00,0.81,7.7,27.2,19.0,0.0
2022-12-28 06:00:00,0.87,23.6,37.1,5.0,0.0
2022-12-28 12:00:00,2.59,56.2,88.1,20.0,0.349
2022-12-28 18:00:00,0.93,7.2,29.6,42.0,0.02499999999999999
2022-12-29 00:00:00,2.38,85.60000000000001,41.4,5.0,0.0
2022-12-29 06:00:00,1.47,58.0,39.5,5.0,0.0
2022-12-29 12:00:00,0.51,6.7,15.6,25.0,0.191
2022-12-29 18:00:00,1.89,74.1,45.4,6.0,0.031
2022-12-30 00:00:00,0.67,3.4,18.9,18.0,0.0
2022-12-30 06:00:00,0.79,14.0,31.5,17.2,0.0
2022-12-30 12:00:00,0.73,10.1,20.2,28.0,0.292
2022-12-30 18:00:00,1.05,7.0,34.7,54.0,0.01400000000000001
2022-12-31 00:00:00,1.43,19.1,36.3,9.0,0.0
2022-12-31 06:00:00,1.93,82.3,35.2,4.000000000000004,0.0
2022-12-31 12:00:00,0.96,9.8,21.5,34.0,0.338
2022-12-31 18:00:00,1.05,9.4,22.7,30.0,0.028
