Fecha y hora,CO (ppm),NO (ppb),NO2 (ppb),NOX (ppb),O3 (ppb),PM10 (ug/m3),PM2.5 (ug/m3),PRS (mmHg),RAINF (mm/h),RH (%),SO2 (ppb),SR (kW/m2),TOUT (ÂºC),WSR (km/h),WDR (azimutal)
2025-01-01 00:00:00,2.16,2.5,3.9,6.5,33.0,132.0,50.0,722.92,0,59.8,5.6,0.0,16.5,6.4,182.4
2025-01-01 06:00:00,1.99,2.7,4.3,7.0,25.0,61.0,41.0,723.6,0,87.0,4.8,0.0,13.85,3.6,244.0
2025-01-01 12:00:00,1.88,2.4,2.6,5.0,46.0,61.0,26.0,724.7,0,61.0,7.1,0.174,19.36,1.100000000000001,54.0
2025-01-01 18:00:00,1.79,3.1,5.1,8.2,31.0,37.0,16.0,724.3,0,58.0,9.4,0.009999999999999995,17.85,8.3,145.0
2025-01-02 00:00:00,1.83,2.3,2.5,4.8,34.0,42.0,14.0,724.8,0,76.0,4.2,0.0,15.0,4.4,216.0
2025-01-02 06:00:00,1.78,2.5,4.8,7.3,25.0,42.0,21.0,724.6,0,87.0,5.5,0.001000000000000001,13.85,0.9000000000000004,325.0
2025-01-02 12:00:00,1.85,5.7,6.9,12.7,22.0,62.0,35.0,724.9,0,75.0,6.0,0.152,17.73,3.1,1.0
2025-01-02 18:00:00,1.9,2.1,5.8,7.9,47.0,71.0,37.0,723.9,0,64.0,24.9,0.029,20.54,6.2,110.0
2025-01-03 00:00:00,2.33,40.60000000000001,7.7,48.2,12.0,114.0,76.0,724.9,0,83.0,5.5,0.001000000000000001,15.22,1.100000000000001,257.0
2025-01-03 06:00:00,2.43,38.10000000000001,7.8,45.9,12.4,113.0,58.0,724.7,0,88.0,6.1,0.001000000000000001,13.56,2.8,305.0
2025-01-03 12:00:00,2.29,9.2,10.0,19.1,20.0,120.0,52.0,725.6,0,72.0,7.6,0.181,19.74,2.5,24.0
2025-01-03 18:00:00,2.04,4.7,6.3,11.0,26.0,60.0,23.0,724.6,0,69.0,5.6,0.02200000000000001,20.83,8.0,139.0
2025-01-04 00:00:00,2.04,3.7,4.0,7.7,18.0,59.0,20.0,724.7,0,86.0,4.4,0.001000000000000001,17.65,3.8,164.0
2025-01-04 06:00:00,1.86,2.72,2.2,4.2,19.0,32.0,13.0,723.7,0,91.0,4.0,0.001000000000000001,17.17,3.7,89.0
2025-01-04 12:00:00,1.84,3.0,2.3,5.3,31.0,38.0,23.0,723.6,0,85.0,4.6,0.142,20.09,3.9,94.0
2025-01-04 18:00:00,1.91,4.6,7.2,11.8,27.0,53.0,22.0,721.9,0,54.0,4.3,0.029,25.57,4.1,146.0
2025-01-05 00:00:00,2.66,9.6,6.8,16.4,19.0,121.0,41.0,721.7,0,78.0,4.9,0.001000000000000001,18.53,2.0,75.0
2025-01-05 06:00:00,2.2,2.1,5.1,7.2,17.0,38.0,18.0,721.1,0,85.0,4.7,0.001000000000000001,15.58,4.7,344.0
2025-01-05 12:00:00,2.21,5.6,9.8,15.4,38.0,94.0,44.0,721.5,0,45.0,6.1,0.071,26.56,2.399999999999999,231.0
2025-01-05 18:00:00,2.01,4.6,7.2,11.8,29.0,47.0,19.0,721.5,0,36.0,6.3,0.027,27.75,4.3,178.0
2025-01-06 00:00:00,2.1,2.6,4.5,7.0,37.0,58.0,9.0,723.5,0,23.0,4.3,0.001000000000000001,20.56,12.3,313.0
2025-01-06 06:00:00,1.82,5.9,6.1,12.0,21.0,36.0,7.0,724.9,0,34.0,4.0,0.001000000000000001,12.43,12.6,303.0
2025-01-06 12:00:00,1.79,4.2,2.6,6.8,30.0,34.0,6.0,726.2,0,32.0,3.9,0.112,13.49,6.9,342.0
2025-01-06 18:00:00,1.79,2.4,3.5,5.9,37.0,47.0,7.0,724.8,0,33.0,11.3,0.035,14.41,12.1,109.0
2025-01-07 00:00:00,1.83,4.3,6.9,11.2,22.0,55.0,10.0,725.8,0,41.0,4.2,0.001000000000000001,8.56,3.7,161.0
2025-01-07 06:00:00,1.75,6.2,7.6,13.8,24.0,26.0,7.0,725.6,0,43.0,5.0,0.001000000000000001,5.239999999999998,4.6,167.0
2025-01-07 12:00:00,1.78,3.2,3.1,6.3,42.0,30.0,6.0,726.2,0,35.0,4.4,0.174,8.96,3.6,131.0
2025-01-07 18:00:00,1.81,2.2,3.3,5.5,42.0,36.0,5.0,725.3,0,35.0,4.2,0.02,9.21,10.6,113.0
2025-01-08 00:00:00,1.79,2.1,2.1,4.1,38.0,21.0,5.0,726.3,0,57.0,4.6,0.001000000000000001,7.460000000000001,7.7,113.0
2025-01-08 06:00:00,1.71,2.94,2.7,4.6,35.0,13.0,11.0,726.6,0,88.0,4.2,0.001000000000000001,4.199999999999999,5.8,360.0
2025-01-08 12:00:00,1.79,2.8,4.0,6.9,31.0,21.0,10.0,727.3,0,88.0,3.9,0.057,4.66,7.8,330.0
2025-01-08 18:00:00,1.81,7.5,9.2,16.7,17.0,5.0,15.0,725.9,0,89.0,4.1,0.012,5.440000000000001,4.5,147.0
2025-01-09 00:00:00,1.85,2.7,2.9,5.6,28.0,15.0,13.0,725.4,0,90.0,3.9,0.001000000000000001,3.57,6.4,152.0
2025-01-09 06:00:00,1.8,5.1,4.9,10.0,20.0,15.0,10.0,723.4,0,91.0,4.9,0.001000000000000001,3.699999999999999,3.1,167.0
2025-01-09 12:00:00,1.88,4.6,4.6,9.1,18.0,32.0,19.0,722.6,0,81.6,7.4,0.04699999999999999,5.260000000000002,3.8,116.0
2025-01-09 18:00:00,2.01,7.4,6.7,14.1,14.0,46.0,28.0,721.4,0,91.0,8.2,0.004000000000000004,6.260000000000002,6.1,342.0
2025-01-10 00:00:00,1.87,3.8,5.1,8.9,16.0,10.0,8.0,725.8,0,87.0,4.5,0.001000000000000001,5.260000000000002,6.7,318.0
2025-01-10 06:00:00,1.73,1.8,2.5,4.3,26.0,9.0,6.0,725.84,0,75.0,4.0,0.001000000000000001,5.84,11.9,343.0
2025-01-10 12:00:00,1.82,2.5,3.0,5.5,32.0,32.0,13.0,724.7,0,62.0,4.2,0.052,7.619999999999999,12.2,344.0
2025-01-10 18:00:00,1.78,2.4,3.5,6.0,32.0,37.0,10.0,724.2,0,50.0,4.4,0.02,9.38,10.5,352.0
2025-01-11 00:00:00,1.81,3.6,7.1,10.6,23.0,40.0,14.0,725.4,0,53.0,4.9,0.001000000000000001,7.84,4.4,309.0
2025-01-11 06:00:00,1.82,10.7,8.5,19.3,15.0,36.0,18.0,724.4,0,60.0,4.8,0.001000000000000001,7.309999999999999,1.899999999999999,207.0
2025-01-11 12:00:00,1.94,4.2,2.9,7.2,36.0,40.0,14.0,723.6,0,52.0,4.7,0.167,10.31,6.1,178.0
2025-01-11 18:00:00,1.97,5.5,6.6,12.1,30.0,44.0,25.0,721.6,0,54.0,5.0,0.046,12.86,7.1,151.0
2025-01-12 00:00:00,2.24,4.4,6.6,11.0,18.0,81.0,25.0,721.4,0,70.0,4.7,0.001000000000000001,7.4,3.3,142.0
2025-01-12 06:00:00,2.14,8.9,8.1,17.0,13.0,74.0,27.0,720.5,0,74.0,5.2,0.001000000000000001,7.460000000000001,4.1,349.0
2025-01-12 12:00:00,2.4,5.4,6.3,11.7,28.0,89.0,24.4,721.9,0,45.0,6.2,0.153,18.2,11.0,318.0
2025-01-12 18:00:00,2.0,2.1,2.7,4.899999999999999,46.0,32.0,12.0,722.0,0,27.0,4.9,0.06200000000000001,21.22,6.0,344.0
2025-01-13 00:00:00,2.2,3.4,7.3,10.7,28.0,65.0,11.0,723.7,0,40.0,7.3,0.001000000000000001,14.11,10.9,305.0
2025-01-13 06:00:00,1.93,3.6,6.4,10.0,28.0,24.0,12.0,724.5,0,47.0,6.0,0.001000000000000001,11.86,9.1,313.0
2025-01-13 12:00:00,2.15,3.9,4.4,8.2,38.0,61.0,9.0,725.7,0,43.0,6.7,0.187,14.27,7.8,327.0
2025-01-13 18:00:00,1.92,2.7,5.4,8.2,49.0,52.0,12.0,724.6,0,36.0,23.2,0.053,17.43,8.2,127.0
2025-01-14 00:00:00,2.07,4.3,8.0,12.3,24.0,50.0,10.0,725.5,0,53.0,4.7,0.001000000000000001,11.75,5.6,199.0
2025-01-14 06:00:00,1.97,8.6,7.9,16.5,18.0,47.0,19.0,725.2,0,65.0,5.2,0.001000000000000001,9.83,2.3,236.0
2025-01-14 12:00:00,2.25,3.3,5.3,8.6,39.0,76.0,19.0,725.9,0,60.0,17.0,0.088,12.87,2.3,61.0
2025-01-14 18:00:00,2.08,2.3,5.6,7.9,42.0,46.0,18.0,724.9,0,60.0,11.4,0.03599999999999999,13.97,7.0,117.0
2025-01-15 00:00:00,1.152,2.2,2.3,4.7,26.4,38.4,17.0,723.4599999999999,0,71.6,14.82,0.0,22.524,9.22,119.6
2025-01-15 06:00:00,2.03,3.1,8.2,11.3,16.0,43.0,25.0,725.3,0,69.0,5.0,0.001000000000000001,12.14,4.7,343.0
2025-01-15 12:00:00,2.07,3.4,5.2,8.6,31.0,63.0,15.0,726.3,0,61.0,5.5,0.138,14.46,9.4,341.0
2025-01-15 18:00:00,2.01,2.9,4.1,6.4,37.0,35.0,7.0,725.9,0,69.0,4.4,0.02200000000000001,14.52,8.6,349.0
2025-01-16 00:00:00,2.05,3.8,7.5,11.3,21.0,38.0,19.0,727.0,0,83.0,4.2,0.001000000000000001,12.49,2.8,216.0
2025-01-16 06:00:00,2.04,5.5,7.3,12.8,17.0,42.0,24.0,726.4,0,85.0,4.3,0.001000000000000001,12.36,1.600000000000001,295.0
2025-01-16 12:00:00,2.18,4.9,6.2,11.1,29.0,65.0,25.0,726.6,0,67.0,14.0,0.105,14.42,6.4,145.0
2025-01-16 18:00:00,2.18,5.1,7.4,12.5,31.0,49.0,18.0,725.1,0,49.0,6.7,0.02200000000000001,15.18,6.0,166.0
2025-01-17 00:00:00,2.25,3.7,8.6,12.3,14.0,83.0,30.0,724.6,0,68.0,4.8,0.001000000000000001,13.41,4.0,105.0
2025-01-17 06:00:00,2.18,19.5,7.7,27.2,12.0,133.0,76.0,723.0,0,81.0,5.1,0.001000000000000001,10.61,5.0,314.0
2025-01-17 12:00:00,2.32,11.9,11.3,23.3,21.0,112.0,51.0,722.4,0,59.0,13.0,0.183,16.42,2.0,221.0
2025-01-17 18:00:00,2.02,2.4,6.3,8.7,44.0,81.0,25.0,723.38,0,48.0,8.4,0.044,21.55,8.3,118.0
2025-01-18 00:00:00,3.28,40.40000000000001,15.5,55.9,13.0,280.0,114.0,721.4,0,72.0,8.2,0.001000000000000001,15.75,6.6,315.0
2025-01-18 06:00:00,3.350000000000001,31.9,13.7,45.6,12.0,172.0,75.0,720.9,0,67.0,11.7,0.001000000000000001,16.34,6.8,289.0
2025-01-18 12:00:00,2.52,3.5,2.9,6.4,43.0,140.0,23.0,722.46,0,26.0,6.4,0.136,24.58,5.3,318.0
2025-01-18 18:00:00,2.21,5.1,9.0,14.1,36.0,116.0,26.0,721.96,0,24.0,5.9,0.042,25.24,5.7,162.0
2025-01-19 00:00:00,2.82,38.8,11.2,50.0,14.0,257.0,154.0,723.1,0,49.0,6.9,0.001000000000000001,16.61,1.899999999999999,266.0
2025-01-19 06:00:00,2.96,3.3,4.1,7.4,30.0,33.0,10.0,724.9,0,52.0,6.4,0.001000000000000001,11.37,5.8,152.0
2025-01-19 12:00:00,2.14,2.8,1.6,4.399999999999999,35.0,50.0,6.0,727.1,0,44.0,5.6,0.113,8.57,10.1,343.0
2025-01-19 18:00:00,2.07,2.7,4.0,6.7,32.0,46.0,12.0,725.7,0,45.0,6.5,0.014,9.4,9.0,122.0
2025-01-20 00:00:00,2.08,2.6,3.0,5.7,32.0,44.0,9.0,725.8,0,49.0,5.6,0.001000000000000001,7.109999999999999,8.2,124.0
2025-01-20 06:00:00,1.97,5.6,6.3,11.9,23.0,16.0,9.0,725.1,0,54.0,4.9,0.001000000000000001,4.32,5.2,152.0
2025-01-20 12:00:00,2.02,3.0,2.3,5.3,42.0,59.0,12.6,725.4,0,40.0,4.9,0.192,8.86,7.0,135.0
2025-01-20 18:00:00,2.03,2.2,2.1,4.3,40.0,41.0,10.0,724.1,0,55.0,4.8,0.05,9.56,9.9,87.0
2025-01-21 00:00:00,2.05,3.0,3.2,6.2,28.0,28.0,11.0,725.5,0,80.0,4.5,0.001000000000000001,4.969999999999999,3.7,254.0
2025-01-21 06:00:00,2.0,2.58,1.9,3.8,37.0,20.0,3.0,727.3,0,71.0,4.1,0.0,1.640000000000001,15.9,333.0
2025-01-21 12:00:00,2.0,2.6,2.3,4.899999999999999,34.0,23.0,5.0,729.4,0,65.0,4.1,0.148,2.890000000000004,12.9,3.0
2025-01-21 18:00:00,2.03,3.3,4.2,7.5,30.0,36.0,15.0,728.5,0,62.0,4.2,0.015,3.080000000000002,5.1,345.0
2025-01-22 00:00:00,2.07,2.4,2.4,4.8,36.0,26.0,11.8,728.4,0,70.0,4.0,0.0,0.879999999999999,6.5,176.0
2025-01-22 06:00:00,2.05,23.1,8.5,31.6,13.0,37.0,23.0,726.7,0,80.0,4.8,0.0,-1.359999999999999,0.5,277.0
2025-01-22 12:00:00,2.23,4.1,3.6,7.7,34.0,73.0,22.0,726.2,0,48.0,5.0,0.147,8.9,3.7,115.0
2025-01-22 18:00:00,2.12,2.3,3.2,5.5,43.0,39.0,9.0,724.4,0,35.0,15.2,0.053,14.44,8.4,104.0
2025-01-23 00:00:00,2.35,20.5,8.9,29.4,14.0,87.0,62.0,725.1,0,61.0,5.5,0.0,6.760000000000002,2.399999999999999,284.0
2025-01-23 06:00:00,2.47,11.2,10.2,21.4,14.2,63.0,52.0,725.4,0,70.0,5.8,0.0,4.969999999999999,5.9,323.0
2025-01-23 12:00:00,2.35,3.5,3.4,6.9,39.0,82.0,11.0,726.6,0,43.0,6.2,0.256,13.51,7.1,1.0
2025-01-23 18:00:00,2.19,3.2,6.7,9.9,41.0,42.0,12.0,725.6,0,32.0,5.1,0.04099999999999999,16.13,2.8,317.0
2025-01-24 00:00:00,2.34,2.7,6.8,9.5,33.0,54.0,13.0,727.4,0,34.0,6.2,0.001000000000000001,10.41,9.8,313.0
2025-01-24 06:00:00,2.21,44.90000000000001,12.7,57.6,12.0,95.0,45.0,727.2,0,49.0,7.3,0.001000000000000001,6.699999999999999,2.5,313.0
2025-01-24 12:00:00,2.68,3.3,3.6,6.8,49.0,88.0,13.0,727.4,0,26.0,8.4,0.165,13.33,6.8,115.0
2025-01-24 18:00:00,2.24,2.4,3.7,6.1,55.0,47.0,9.199999999999998,725.5,0,30.0,5.5,0.049,15.64,12.3,122.0
2025-01-25 00:00:00,2.27,6.7,11.6,18.3,18.0,64.0,14.0,725.5,0,44.0,5.3,0.0,8.92,3.0,167.0
2025-01-25 06:00:00,2.35,22.3,11.0,33.3,12.0,69.0,36.0,724.0,0,55.0,12.8,0.0,6.120000000000001,4.4,310.0
2025-01-25 12:00:00,2.48,5.2,7.7,13.0,40.0,67.0,28.0,723.9,0,35.0,10.3,0.142,16.52,3.5,18.0
2025-01-25 18:00:00,2.34,4.3,8.0,12.2,44.0,56.0,17.0,722.6,0,31.0,6.3,0.053,26.03,6.7,203.0
2025-01-26 00:00:00,3.61,4.1,5.7,9.8,20.0,78.0,13.0,723.5,0,79.0,7.0,0.001000000000000001,15.98,4.2,172.0
2025-01-26 06:00:00,2.75,2.7,4.4,7.1,19.0,50.0,21.0,723.3,0,89.0,6.2,0.001000000000000001,14.71,3.0,335.0
2025-01-26 12:00:00,2.54,4.4,7.5,12.0,45.0,102.0,41.0,723.9,0,48.0,8.1,0.17,23.42,1.3,329.0
2025-01-26 18:00:00,2.36,2.9,4.0,6.9,46.0,42.0,13.0,722.8,0,38.0,12.9,0.06200000000000001,27.97,7.5,128.0
2025-01-27 00:00:00,2.76,6.4,7.7,14.2,17.0,112.0,28.0,723.7,0,68.0,6.0,0.001000000000000001,20.23,4.4,205.0
2025-01-27 06:00:00,2.39,2.6,3.9,6.4,29.0,34.0,13.0,723.4,0,64.0,6.3,0.001000000000000001,17.18,6.5,325.0
2025-01-27 12:00:00,2.34,6.2,7.4,13.6,19.0,60.0,17.0,724.4,0,70.0,5.9,0.04099999999999999,16.64,5.2,321.0
2025-01-27 18:00:00,2.38,5.4,6.3,11.8,18.0,84.0,27.4,723.5,0,79.0,5.4,0.015,16.02,9.0,135.0
2025-01-28 00:00:00,2.35,3.8,2.4,6.2,17.0,25.0,7.0,723.9,0,90.0,4.5,0.001000000000000001,12.28,7.7,152.0
2025-01-28 06:00:00,2.24,8.1,3.1,11.2,12.0,20.0,4.0,723.1,0,91.0,4.4,0.001000000000000001,11.14,6.3,144.0
2025-01-28 12:00:00,2.33,7.3,2.7,10.0,15.0,17.0,7.0,723.5,0,89.6,4.4,0.07,12.14,5.5,144.0
2025-01-28 18:00:00,2.26,6.4,4.6,10.9,15.0,48.0,24.0,722.3,0,84.0,7.2,0.021,14.05,5.1,139.0
2025-01-29 00:00:00,2.29,2.9,3.0,5.9,13.0,30.0,15.0,722.8,0,89.0,4.6,0.001000000000000001,12.72,5.1,112.0
2025-01-29 06:00:00,2.12,2.2,1.9,4.0,16.0,16.0,5.0,721.9,0,91.0,4.4,0.001000000000000001,12.51,1.2,3.0
2025-01-29 12:00:00,2.55,10.1,5.6,15.7,15.0,41.0,24.0,722.0,0,90.0,6.1,0.082,15.51,4.4,62.0
2025-01-29 18:00:00,2.48,2.6,3.6,6.1,43.0,56.0,31.0,720.3,0,66.0,24.1,0.054,22.8,7.3,89.0
2025-01-30 00:00:00,3.16,27.1,6.4,33.6,13.6,146.0,72.0,720.8,0,81.0,7.6,0.001000000000000001,18.8,0.5999999999999996,287.0
2025-01-30 06:00:00,3.08,24.1,8.3,32.39999999999999,12.4,105.0,50.0,720.5,0,82.0,8.6,0.001000000000000001,19.15,4.5,317.0
2025-01-30 12:00:00,2.66,3.8,3.4,7.2,24.0,57.0,20.0,722.1,0,67.0,9.3,0.125,19.52,11.0,335.0
2025-01-30 18:00:00,2.4,4.3,5.9,10.2,35.0,54.0,26.0,721.3,0,59.0,22.5,0.04099999999999999,22.86,10.0,138.0
2025-01-31 00:00:00,2.61,8.2,9.0,17.2,14.0,83.0,41.0,722.9,0,65.0,6.3,0.001000000000000001,17.32,2.7,298.0
2025-01-31 06:00:00,2.72,32.1,8.1,40.2,12.4,103.0,47.0,723.3,0,66.0,6.4,0.001000000000000001,15.56,2.8,313.0
2025-01-31 12:00:00,2.71,3.8,3.3,7.0,47.0,105.0,9.0,724.6,0,14.0,5.6,0.243,25.12,8.2,345.0
2025-01-31 18:00:00,2.35,3.1,3.9,7.0,48.0,63.0,13.0,724.0,0,14.0,8.6,0.073,25.24,9.8,102.0
2025-02-01 00:00:00,2.82,24.9,11.2,36.1,13.0,166.0,56.0,724.6,0,32.0,6.2,0.0,16.29,2.100000000000001,2.620000000000005
2025-02-01 06:00:00,2.9,24.0,11.0,35.0,12.2,214.0,30.0,724.2,0,37.0,10.3,0.001000000000000001,14.61,4.9,308.0
2025-02-01 12:00:00,2.89,4.2,5.8,10.0,50.0,135.0,19.0,724.6,0,26.0,65.8,0.178,21.25,8.5,128.0
2025-02-01 18:00:00,2.41,3.4,5.3,8.6,47.0,60.0,14.0,723.2,0,21.0,8.5,0.03799999999999999,24.69,8.6,120.0
2025-02-02 00:00:00,2.73,12.9,11.7,24.6,13.0,137.0,96.0,723.9,0,46.0,9.9,0.001000000000000001,17.28,3.0,102.0
2025-02-02 06:00:00,2.79,3.3,8.7,12.0,15.0,80.0,39.0,723.4,0,69.0,6.4,0.001000000000000001,13.17,5.5,323.0
2025-02-02 12:00:00,1.152,2.2,2.3,4.7,26.4,38.4,17.0,723.4599999999999,0,71.6,14.82,0.0,22.524,9.22,119.6
2025-02-02 18:00:00,2.49,2.5,4.2,6.7,75.0,66.0,21.0,722.3,0,25.0,11.5,0.061,28.99,8.3,122.0
2025-02-03 00:00:00,2.89,7.8,8.3,16.2,15.0,188.0,57.0,723.1,0,53.0,7.0,0.001000000000000001,19.44,1.899999999999999,46.00000000000001
2025-02-03 06:00:00,2.66,5.3,6.7,12.0,14.0,65.0,24.0,722.6,0,67.0,6.6,0.001000000000000001,14.97,5.1,323.0
2025-02-03 12:00:00,2.61,3.5,5.5,9.0,55.0,96.0,39.0,722.9,0,32.0,12.4,0.233,26.23,5.2,4.0
2025-02-03 18:00:00,2.43,2.9,4.2,7.2,54.0,59.0,36.0,721.9,0,32.0,8.2,0.065,30.64,10.2,132.0
2025-02-04 00:00:00,2.55,2.4,3.5,5.9,23.0,58.0,25.0,722.8,0,67.0,6.6,0.001000000000000001,20.63,6.2,90.0
2025-02-04 06:00:00,2.34,2.9,3.6,6.4,15.0,52.0,20.0,722.5,0,87.0,5.2,0.001000000000000001,18.08,2.100000000000001,346.0
2025-02-04 12:00:00,2.4,3.7,2.7,6.4,36.0,54.0,24.0,723.3,0,63.0,5.8,0.155,23.5,3.0,200.0
2025-02-04 18:00:00,2.32,3.2,2.1,5.3,29.0,50.0,15.0,722.3,0,55.0,8.2,0.019,26.27,7.8,117.0
2025-02-05 00:00:00,2.37,2.9,2.2,5.1,16.0,39.0,17.0,722.9,0,85.0,9.3,0.001000000000000001,20.26,6.3,108.0
2025-02-05 06:00:00,2.26,3.1,2.2,5.2,16.0,35.0,21.0,722.6,0,89.0,8.0,0.001000000000000001,19.63,3.2,118.0
2025-02-05 12:00:00,2.3,3.2,2.5,5.8,33.0,55.0,31.0,722.9,0,64.0,11.5,0.219,24.82,1.899999999999999,26.0
2025-02-05 18:00:00,2.32,2.8,3.3,6.1,47.0,59.0,27.0,721.5,0,44.0,5.6,0.06200000000000001,29.5,4.4,130.0
2025-02-06 00:00:00,2.54,2.5,3.5,5.9,17.0,59.0,16.0,722.2,0,73.0,6.4,0.001000000000000001,21.6,2.0,81.0
2025-02-06 06:00:00,2.4,23.1,3.9,27.0,12.0,57.0,23.0,722.2,0,86.0,5.4,0.001000000000000001,17.62,1.3,266.0
2025-02-06 12:00:00,2.55,6.9,7.7,14.6,29.0,128.0,40.0,722.7,0,61.0,7.3,0.234,26.44,1.8,114.0
2025-02-06 18:00:00,2.42,2.5,4.0,6.5,57.0,83.0,36.0,721.8,0,36.0,46.3,0.063,31.01,8.2,117.0
2025-02-07 00:00:00,2.65,3.2,4.8,7.9,14.0,72.0,23.0,722.8,0,73.0,7.0,0.001000000000000001,22.28,4.5,107.0
2025-02-07 06:00:00,2.35,2.5,3.5,6.0,18.0,40.0,33.0,722.7,0,87.0,17.4,0.001000000000000001,20.33,3.7,354.0
2025-02-07 12:00:00,2.53,5.5,7.6,13.1,34.0,160.0,63.0,723.0,0,58.0,12.3,0.257,26.76,3.7,81.0
2025-02-07 18:00:00,2.36,3.0,3.6,6.5,41.0,50.0,21.0,721.9,0,32.0,10.6,0.069,32.26,7.5,124.0
2025-02-08 00:00:00,2.48,2.6,3.5,6.1,18.0,169.0,29.0,722.7,0,75.0,19.5,0.001000000000000001,22.9,4.5,86.0
2025-02-08 06:00:00,2.3,2.5,3.7,6.2,13.0,52.0,38.0,722.1,0,89.0,5.0,0.001000000000000001,19.69,5.2,355.0
2025-02-08 12:00:00,2.28,3.8,3.3,7.1,30.0,85.0,43.0,722.5,0,67.0,14.9,0.279,24.45,6.9,14.0
2025-02-08 18:00:00,2.28,2.3,4.2,6.5,77.0,118.0,45.0,721.4,0,29.0,88.4,0.065,31.88,7.0,119.0
2025-02-09 00:00:00,2.7,2.5,2.2,4.7,21.0,114.0,20.0,722.4,0,78.0,6.4,0.001000000000000001,22.07,7.3,99.0
2025-02-09 06:00:00,2.41,2.42,1.7,3.899999999999999,20.0,52.0,23.0,722.1,0,88.0,5.8,0.001000000000000001,19.82,2.600000000000001,11.0
2025-02-09 12:00:00,2.29,3.6,2.8,6.4,30.0,69.0,32.0,722.8,0,69.0,11.0,0.293,24.59,6.4,65.0
2025-02-09 18:00:00,2.24,2.4,3.3,5.8,56.0,61.0,40.0,722.0,0,40.0,67.8,0.069,30.56,5.9,121.0
2025-02-10 00:00:00,2.4,3.2,2.9,6.0,23.0,78.0,21.0,723.4,0,77.0,29.8,0.001000000000000001,22.34,7.3,142.0
2025-02-10 06:00:00,2.23,2.56,1.6,3.7,23.0,43.0,21.0,723.2,0,85.0,5.2,0.001000000000000001,20.67,4.4,82.0
2025-02-10 12:00:00,2.28,2.5,2.0,4.5,29.0,44.0,34.0,723.5,0,75.0,57.1,0.078,22.39,9.0,109.0
2025-02-10 18:00:00,2.36,4.4,4.9,9.3,26.0,65.0,32.0,721.9,0,60.0,5.4,0.03699999999999999,25.57,6.0,156.0
2025-02-11 00:00:00,2.5,3.9,4.4,8.4,17.0,49.0,23.0,722.1,0,75.0,5.5,0.001000000000000001,21.51,3.4,202.0
2025-02-11 06:00:00,2.3,2.2,4.1,6.3,16.0,46.0,22.0,721.3,0,79.0,18.3,0.001000000000000001,21.36,3.1,18.0
2025-02-11 12:00:00,2.37,3.9,2.4,6.3,25.0,57.0,25.0,721.4,0,80.0,6.0,0.187,22.01,6.2,157.0
2025-02-11 18:00:00,2.34,3.2,3.8,6.9,38.0,77.0,33.0,719.3,0,49.0,7.1,0.057,28.72,8.6,134.0
2025-02-12 00:00:00,2.52,9.5,7.0,16.5,13.0,90.0,47.0,719.2,0,68.0,5.2,0.0,23.05,2.600000000000001,320.0
2025-02-12 06:00:00,2.65,22.2,5.1,27.3,12.6,107.0,51.0,718.7,0,81.0,5.9,0.0,19.37,3.0,274.0
2025-02-12 12:00:00,3.22,5.9,8.4,14.3,33.0,126.0,29.0,719.6,0,28.0,7.6,0.297,30.57,2.9,256.0
2025-02-12 18:00:00,2.52,2.3,2.6,4.899999999999999,51.0,97.0,19.0,718.7,0,28.0,7.0,0.06200000000000001,32.57,14.5,102.0
2025-02-13 00:00:00,2.45,3.8,6.9,10.7,17.0,89.0,35.0,721.0,0,52.0,6.6,0.0,24.45,3.6,127.0
2025-02-13 06:00:00,2.26,3.1,2.2,5.3,17.0,13.99999999999999,6.0,722.5,0,87.0,4.7,0.001000000000000001,16.69,6.0,124.0
2025-02-13 12:00:00,1.152,2.2,2.3,4.7,26.4,38.4,17.0,723.4599999999999,0,71.6,14.82,0.0,22.524,9.22,119.6
2025-02-13 18:00:00,2.3,5.3,3.7,9.0,16.0,47.0,20.0,725.3,0,77.0,4.6,0.014,11.76,6.6,138.0
2025-02-14 00:00:00,2.27,3.0,2.5,5.5,20.0,28.0,14.0,726.3,0,89.0,8.2,0.001000000000000001,6.830000000000002,8.7,138.0
2025-02-14 06:00:00,2.16,4.6,2.5,7.0,18.0,29.0,14.0,725.4,0,90.0,4.5,0.001000000000000001,6.640000000000001,2.9,212.0
2025-02-14 12:00:00,2.34,17.3,6.2,23.4,16.4,39.0,35.0,725.2,0,68.8,4.8,0.07,9.78,3.7,360.0
2025-02-14 18:00:00,2.41,3.8,4.3,8.1,22.0,72.0,47.0,723.1,0,82.0,6.5,0.031,12.61,6.2,127.0
2025-02-15 00:00:00,2.43,2.3,4.0,6.3,17.0,47.0,20.0,722.7,0,82.0,5.2,0.001000000000000001,11.16,2.100000000000001,101.0
2025-02-15 06:00:00,2.36,14.7,3.6,18.3,13.0,60.0,41.0,721.2,0,86.0,4.9,0.001000000000000001,10.55,1.600000000000001,252.0
2025-02-15 12:00:00,2.85,11.0,8.4,19.4,19.0,148.0,65.0,720.9,0,65.0,7.8,0.189,18.71,4.2,233.0
2025-02-15 18:00:00,2.67,2.7,7.8,10.5,40.0,77.0,43.0,720.2,0,47.0,27.8,0.059,25.11,7.0,79.0
2025-02-16 00:00:00,2.89,4.5,7.5,12.0,18.0,111.0,32.0,722.3,0,42.0,6.2,0.001000000000000001,19.82,8.7,305.0
2025-02-16 06:00:00,2.86,24.9,7.6,32.5,12.0,79.0,49.0,723.0,0,64.0,7.0,0.001000000000000001,14.87,4.2,306.0
2025-02-16 12:00:00,2.78,2.8,3.1,5.9,51.0,79.0,18.0,724.5,0,34.0,21.5,0.405,23.1,7.5,147.0
2025-02-16 18:00:00,2.35,2.2,1.5,3.7,49.0,70.0,12.0,723.5,0,28.0,5.6,0.077,22.87,13.7,94.0
2025-02-17 00:00:00,2.37,2.6,4.7,7.3,27.0,67.0,20.0,724.9,0,44.0,5.8,0.001000000000000001,14.86,6.5,130.0
2025-02-17 06:00:00,2.19,2.3,5.1,7.4,21.0,33.0,17.0,724.2,0,62.0,7.0,0.001000000000000001,9.5,2.2,34.0
2025-02-17 12:00:00,2.33,3.4,3.2,6.6,36.0,38.0,19.0,724.1,0,70.0,15.7,0.196,13.24,3.3,148.0
2025-02-17 18:00:00,2.28,2.5,3.7,6.2,43.0,49.0,19.0,722.2,0,45.0,22.6,0.058,20.26,7.6,122.0
2025-02-18 00:00:00,2.5,11.5,7.9,19.3,13.0,70.0,48.0,722.2,0,63.0,5.8,0.001000000000000001,16.2,1.7,267.0
2025-02-18 06:00:00,2.77,30.2,7.9,38.1,12.2,109.0,47.0,721.2,0,73.0,6.9,0.001000000000000001,13.72,2.7,304.0
2025-02-18 12:00:00,0.892,2.92,2.36,5.16,26.2,16.40000000000001,10.6,722.36,0,70.0,4.32,0.1148,29.032,8.3,133.0
2025-02-18 18:00:00,2.64,2.2,4.9,7.1,70.0,83.0,29.0,720.5,0,37.0,38.7,0.068,27.17,10.6,126.0
2025-02-19 00:00:00,2.84,20.5,10.9,31.4,12.0,153.0,53.0,721.8,0,60.0,7.2,0.001000000000000001,20.08,2.600000000000001,307.0
2025-02-19 06:00:00,2.62,2.3,2.0,4.3,21.0,71.0,14.0,723.2,0,72.0,5.9,0.001000000000000001,12.51,17.7,319.0
2025-02-19 12:00:00,2.3,3.0,2.4,5.399999999999999,23.0,45.0,8.0,725.7,0,71.0,5.2,0.063,8.15,13.3,328.0
2025-02-19 18:00:00,2.23,2.6,3.0,5.6,24.0,43.0,15.0,725.4,0,56.0,5.0,0.033,8.18,8.5,339.0
2025-02-20 00:00:00,2.2,2.8,2.5,5.3,23.0,53.0,20.0,726.3,0,71.0,5.0,0.0,5.219999999999999,4.6,154.0
2025-02-20 06:00:00,2.13,2.54,1.8,3.8,25.0,24.0,11.0,726.3,0,58.0,5.0,0.0,4.740000000000002,6.7,103.0
2025-02-20 12:00:00,2.14,3.3,2.4,5.7,28.0,32.0,13.0,726.9,0,57.0,9.8,0.105,4.219999999999999,6.1,139.0
2025-02-20 18:00:00,2.18,4.8,4.0,8.7,27.0,54.0,15.0,725.9,0,53.0,16.3,0.03,5.199999999999999,6.3,177.0
2025-02-21 00:00:00,2.2,1.9,1.4,3.3,38.0,32.0,10.0,726.3,0,58.0,4.8,0.0,3.780000000000001,9.3,98.0
2025-02-21 06:00:00,2.14,2.8,2.9,5.6,30.0,30.0,16.0,725.9,0,70.0,6.1,0.0,2.66,2.100000000000001,135.0
2025-02-21 12:00:00,0.86,4.8,5.2,10.0,18.0,40.0,37.0,726.8,0,86.0,4.6,0.051,3.379999999999999,1.600000000000001,91.0
2025-02-21 18:00:00,0.39,3.6,5.0,8.6,22.0,56.0,43.0,725.7,0,83.0,19.3,0.019,5.050000000000001,6.5,124.0
2025-02-22 00:00:00,0.4199999999999999,2.4,2.5,4.899999999999999,24.0,23.0,10.0,726.2,0,88.0,6.3,0.001000000000000001,4.640000000000001,5.3,146.0
2025-02-22 06:00:00,0.28,3.46,2.6,4.5,23.0,18.0,15.0,725.5,0,90.0,4.9,0.001000000000000001,4.550000000000001,4.9,341.0
2025-02-22 12:00:00,0.29,3.1,2.6,5.7,28.0,24.0,13.0,726.2,0,79.0,4.9,0.121,7.58,7.3,326.0
2025-02-22 18:00:00,0.4299999999999999,5.7,4.3,10.0,21.0,42.0,32.0,724.6,0,76.0,6.0,0.03699999999999999,9.12,6.4,155.0
2025-02-23 00:00:00,0.39,2.1,1.8,3.899999999999999,27.0,32.0,18.0,724.9,0,86.0,9.6,0.001000000000000001,6.609999999999999,7.3,133.0
2025-02-23 06:00:00,0.33,3.9,3.1,7.0,13.0,48.0,30.0,724.3,0,89.0,5.3,0.001000000000000001,6.199999999999999,2.3,82.0
2025-02-23 12:00:00,0.4299999999999999,3.2,2.9,6.1,36.0,32.0,28.0,724.5,0,51.0,7.3,0.449,15.79,3.3,19.0
2025-02-23 18:00:00,0.4199999999999999,2.6,4.3,6.8,48.0,58.0,17.0,722.8,0,34.0,41.4,0.069,22.62,9.1,131.0
2025-02-24 00:00:00,0.75,20.6,7.1,27.7,13.0,62.0,60.0,723.4,0,64.0,5.9,0.0,13.37,1.399999999999999,282.0
2025-02-24 06:00:00,0.89,38.10000000000001,6.9,44.9,13.0,89.0,66.0,723.4,0,75.0,7.6,0.0,10.19,3.9,289.0
2025-02-24 12:00:00,1.3,3.5,4.9,8.4,50.0,97.0,19.0,723.5,0,19.0,8.6,0.468,25.92,1.3,119.0
2025-02-24 18:00:00,0.65,2.5,5.7,8.3,78.0,61.0,18.0,721.9,0,13.0,14.6,0.068,30.08,8.2,132.0
2025-02-25 00:00:00,0.76,17.3,9.2,26.4,14.0,105.0,31.0,722.8,0,34.0,7.9,0.001000000000000001,16.99,1.899999999999999,200.0
2025-02-25 06:00:00,0.76,27.9,8.4,36.3,13.0,99.0,50.0,721.8,0,47.0,7.9,0.0,13.41,3.5,257.0
2025-02-25 12:00:00,1.38,3.7,5.8,9.5,55.0,68.0,26.0,722.4,0,22.0,24.3,0.464,27.6,3.6,161.0
2025-02-25 18:00:00,0.6,2.4,2.3,4.7,57.0,34.0,13.0,720.8,0,13.0,16.4,0.07,32.39,13.0,119.0
2025-02-26 00:00:00,0.59,2.6,4.7,7.2,26.0,52.0,11.0,721.5,0,70.0,7.1,0.0,19.48,6.6,136.0
2025-02-26 06:00:00,0.4399999999999999,2.9,5.4,8.3,14.0,46.0,32.0,720.8,0,86.0,5.7,0.0,14.49,2.2,346.0
2025-02-26 12:00:00,0.75,3.3,4.5,7.8,49.0,98.0,32.0,721.2,0,47.0,9.5,0.448,24.35,2.9,5.0
2025-02-26 18:00:00,0.53,2.4,4.6,7.0,77.0,100.0,30.0,720.3,0,27.0,53.9,0.064,30.48,8.3,127.0
2025-02-27 00:00:00,0.63,2.2,3.4,5.6,31.0,58.0,12.0,721.4,0,66.0,8.2,0.0,20.53,5.6,114.0
2025-02-27 06:00:00,0.48,6.4,7.3,13.7,14.0,64.0,26.0,721.8,0,80.0,5.9,0.0,18.18,5.1,318.0
2025-02-27 12:00:00,0.5,2.5,1.3,3.8,42.0,87.0,12.0,724.0,0,60.0,6.0,0.325,22.85,16.2,348.0
2025-02-27 18:00:00,0.4299999999999999,4.1,6.1,10.2,30.0,48.0,17.0,723.8,0,55.0,7.2,0.006000000000000005,22.38,6.8,161.0
2025-02-28 00:00:00,0.57,4.1,7.7,11.8,20.0,65.0,25.0,724.4,0,72.0,5.1,0.001000000000000001,19.17,1.7,261.0
2025-02-28 06:00:00,0.47,5.2,6.2,11.4,22.0,35.0,15.0,723.9,0,80.0,5.0,0.001000000000000001,15.04,6.0,286.0
2025-02-28 12:00:00,0.49,3.2,4.3,7.4,33.0,43.0,20.0,724.1,0,77.0,5.2,0.114,16.86,1.5,122.0
2025-02-28 18:00:00,0.5,3.7,5.0,8.7,40.0,51.0,22.0,722.3,0,61.0,6.5,0.058,20.96,6.8,165.0
2025-03-01 00:00:00,0.94,31.2,7.3,38.5,13.0,123.0,84.0,722.8,0,79.0,6.1,0.0,16.74,2.3,290.0
2025-03-01 06:00:00,1.31,32.1,7.8,39.9,12.6,122.0,69.0,722.4,0,82.0,7.4,0.0,15.49,4.4,310.0
2025-03-01 12:00:00,0.92,3.9,4.5,8.4,43.0,91.0,24.0,723.0,0,50.0,9.0,0.423,25.15,3.2,176.0
2025-03-01 18:00:00,0.58,2.5,2.3,4.8,46.0,47.0,14.0,721.9,0,39.0,7.7,0.048,28.24,9.9,117.0
2025-03-02 00:00:00,0.59,2.3,2.1,4.399999999999999,35.0,40.0,16.0,722.7,0,64.0,7.6,0.0,20.19,9.4,95.0
2025-03-02 06:00:00,0.45,3.1,2.9,6.1,22.0,26.0,8.0,722.1,0,81.0,5.4,0.0,15.31,1.5,137.0
2025-03-02 12:00:00,0.4399999999999999,2.9,1.4,4.399999999999999,32.0,43.0,13.0,722.4,0,75.0,5.3,0.314,21.03,7.1,105.0
2025-03-02 18:00:00,0.45,3.4,2.8,6.2,36.0,53.0,24.0,720.6,0,44.0,5.2,0.077,29.59,10.9,151.0
2025-03-03 00:00:00,0.55,2.4,1.8,4.2,26.0,35.0,13.0,721.3,0,77.0,5.5,0.0,21.16,6.1,117.0
2025-03-03 06:00:00,0.4399999999999999,2.100000000000001,2.7,5.0,18.0,48.0,22.0,721.0,0,86.0,4.8,0.0,19.04,4.6,23.0
2025-03-03 12:00:00,0.46,3.2,2.9,6.2,32.0,46.0,32.0,721.4,0,71.0,5.1,0.237,22.83,3.0,103.0
2025-03-03 18:00:00,0.5,3.0,2.5,5.399999999999999,38.0,67.0,24.0,719.2,0,43.0,5.0,0.064,30.85,14.2,136.0
2025-03-04 00:00:00,0.56,2.4,1.7,4.1,24.0,53.0,28.0,719.5,0,80.0,5.1,0.0,21.89,5.3,86.0
2025-03-04 06:00:00,0.48,7.8,3.5,11.3,12.0,58.0,40.0,718.3,0,89.0,4.7,0.001000000000000001,19.03,3.3,338.0
2025-03-04 12:00:00,0.69,4.1,3.5,7.6,34.0,138.0,33.0,719.8,0,41.0,8.4,0.35,27.97,7.1,176.0
2025-03-04 18:00:00,0.29,5.6,11.7,17.4,42.0,358.0,47.0,719.7,0,4.0,5.2,0.048,33.46,9.7,278.0
2025-03-05 00:00:00,1.05,44.10000000000001,18.7,62.8,14.0,212.0,60.0,721.9,0,19.0,4.8,0.001000000000000001,22.27,0.9000000000000004,49.0
2025-03-05 06:00:00,0.25,17.1,17.1,34.2,13.0,86.0,23.0,722.7,0,20.0,3.9,0.001000000000000001,16.26,0.7000000000000002,312.0
2025-03-05 12:00:00,0.1000000000000001,3.4,4.4,7.7,54.0,149.0,22.0,723.7,0,9.0,5.7,0.459,26.19,10.0,124.0
2025-03-05 18:00:00,0.07000000000000006,2.5,3.7,6.3,52.0,128.0,27.0,722.3,0,10.0,6.3,0.073,28.4,13.8,104.0
2025-03-06 00:00:00,0.1599999999999999,2.8,6.8,9.6,34.0,199.0,41.0,723.2,0,49.0,4.7,0.001000000000000001,18.08,8.6,142.0
2025-03-06 06:00:00,0.1199999999999999,1.9,7.6,9.6,28.0,81.0,19.2,722.5,0,84.0,3.8,0.001000000000000001,13.5,3.5,78.0
2025-03-06 12:00:00,0.1799999999999999,3.6,4.3,7.9,46.0,180.0,37.0,722.2,0,50.0,5.6,0.435,20.66,7.9,140.0
2025-03-06 18:00:00,0.22,4.0,7.9,11.9,47.0,118.0,28.0,720.1,0,22.0,4.4,0.068,30.76,8.6,146.0
2025-03-07 00:00:00,0.1599999999999999,1.9,4.5,6.4,37.0,111.0,32.0,720.9,0,70.0,5.5,0.001000000000000001,19.49,4.1,106.0
2025-03-07 06:00:00,0.4399999999999999,28.2,13.5,41.6,12.0,120.0,40.0,720.7,0,83.0,4.2,0.001000000000000001,15.59,4.1,246.0
2025-03-07 12:00:00,0.52,7.7,18.4,26.2,48.0,257.0,58.0,721.0,0,39.0,6.4,0.464,28.65,3.9,79.0
2025-03-07 18:00:00,0.29,3.2,12.8,15.9,48.0,80.0,26.0,719.8,0,21.0,8.5,0.04099999999999999,31.69,8.7,132.0
2025-03-08 00:00:00,1.73,74.5,17.5,92.1,13.0,108.0,71.0,720.3,0,36.0,5.4,0.001000000000000001,23.1,2.3,290.0
2025-03-08 06:00:00,0.98,94.4,19.2,113.5,13.0,109.0,64.0,720.2,0,35.0,7.3,0.0,21.13,0.7000000000000002,63.0
2025-03-08 12:00:00,0.1000000000000001,3.6,6.0,9.5,48.0,76.0,13.0,720.3,0,10.99999999999999,4.4,0.4670000000000001,35.45,3.0,63.0
2025-03-08 18:00:00,0.09000000000000008,2.2,3.6,5.8,53.0,131.0,28.0,719.2,0,19.0,4.8,0.064,33.91,14.6,60.0
2025-03-09 00:00:00,0.05000000000000004,2.14,3.5,5.6,50.0,70.0,15.0,722.8,0,16.0,3.6,0.0,22.82,12.6,319.0
2025-03-09 06:00:00,1.052,2.0,4.8,6.8,41.0,25.0,8.0,723.5,0,27.0,5.2,0.0,17.58,9.5,315.0
2025-03-09 12:00:00,0.06000000000000005,2.3,2.5,4.8,49.0,30.0,8.0,724.6,0,28.0,4.3,0.4739999999999999,19.9,8.8,342.0
2025-03-09 18:00:00,1.324,2.0,2.2,4.2,55.0,33.0,9.0,723.2,0,15.0,4.2,0.05,25.36,7.9,24.0
2025-03-10 00:00:00,0.1399999999999999,3.3,6.7,10.0,37.0,33.0,9.0,724.8,0,31.0,4.1,0.0,16.93,7.4,219.0
2025-03-10 06:00:00,0.57,51.5,13.9,65.5,13.0,42.0,33.0,724.4,0,48.0,4.9,0.0,12.4,0.9000000000000004,290.0
2025-03-10 12:00:00,0.1199999999999999,3.4,4.8,8.3,54.0,32.0,6.0,724.6,0,24.0,4.7,0.481,22.72,4.8,141.0
2025-03-10 18:00:00,0.1399999999999999,3.4,6.4,9.9,53.0,35.0,8.0,722.5,0,18.0,4.4,0.056,26.3,10.0,136.0
2025-03-11 00:00:00,0.1599999999999999,2.0,6.1,8.2,37.0,37.0,27.0,722.9,0,43.0,5.5,0.0,16.6,6.8,125.0
2025-03-11 06:00:00,0.1899999999999999,2.1,11.0,13.1,23.0,27.0,27.0,722.0,0,57.0,4.5,0.0,12.32,3.1,341.0
2025-03-11 12:00:00,0.2600000000000001,5.5,12.6,18.0,53.0,73.0,31.0,722.2,0,26.0,7.1,0.4739999999999999,24.94,1.899999999999999,325.0
2025-03-11 18:00:00,0.1699999999999999,2.3,7.0,9.3,76.0,64.0,19.0,720.9,0,17.0,21.5,0.04699999999999999,31.03,9.6,121.0
2025-03-12 00:00:00,0.2699999999999999,2.8,10.5,13.3,27.0,50.0,19.0,721.6,0,58.0,4.6,0.0,20.04,3.9,126.0
2025-03-12 06:00:00,0.49,36.5,15.4,52.00000000000001,12.0,35.0,25.0,721.1,0,77.0,4.5,0.0,15.81,2.0,245.0
2025-03-12 12:00:00,0.3,5.9,12.7,18.7,50.0,143.0,29.0,721.0,0,13.0,4.9,0.485,33.92,5.2,294.0
2025-03-12 18:00:00,0.07000000000000006,2.7,3.8,6.5,44.0,81.0,8.0,719.8,0,4.0,3.9,0.032,38.09,13.7,335.0
2025-03-13 00:00:00,0.54,10.6,16.7,27.4,17.0,58.0,35.0,721.3,0,48.0,5.3,0.0,24.48,0.9000000000000004,113.0
2025-03-13 06:00:00,0.1300000000000001,3.2,10.3,13.5,35.0,47.0,17.0,721.5,0,12.0,4.2,0.0,24.99,6.8,316.0
2025-03-13 12:00:00,0.1599999999999999,4.3,7.4,11.8,58.0,56.0,17.0,721.8,0,7.0,4.3,0.485,32.52,1.7,203.0
2025-03-13 18:00:00,0.1899999999999999,2.8,6.9,9.7,65.0,48.0,30.0,719.9,0,13.0,7.5,0.042,34.12,9.6,120.0
2025-03-14 00:00:00,0.22,2.1,5.4,7.5,31.0,54.0,27.0,720.1,0,59.0,4.4,0.0,24.22,7.8,123.0
2025-03-14 06:00:00,0.37,13.3,13.3,26.6,12.0,46.0,39.0,719.2,0,82.0,4.1,0.0,19.05,3.4,306.0
2025-03-14 12:00:00,0.3,6.0,11.0,16.9,47.0,91.0,16.0,719.0,0,6.0,5.0,0.498,36.5,5.1,291.0
2025-03-14 18:00:00,0.24,4.4,12.2,16.5,65.0,44.0,13.0,717.2,0,4.0,4.5,0.03999999999999999,38.9,9.1,189.0
2025-03-15 00:00:00,0.4299999999999999,8.0,15.4,23.4,23.0,69.0,27.0,722.04,0,16.0,5.6,0.0,27.9,5.5,34.0
2025-03-15 06:00:00,0.09000000000000008,1.9,4.2,6.1,43.0,85.0,19.0,717.9,0,8.000000000000007,4.9,0.0,28.35,13.0,328.0
2025-03-15 12:00:00,0.23,5.4,7.5,12.9,49.0,129.0,38.0,722.16,0,14.0,4.7,0.469,28.44,10.4,165.0
2025-03-15 18:00:00,0.2699999999999999,5.0,9.7,14.7,46.0,109.0,33.0,718.0,0,12.0,4.3,0.04699999999999999,31.68,10.0,142.0
2025-03-16 00:00:00,0.38,3.9,13.8,17.7,25.0,95.0,50.0,721.5,0,29.0,6.6,0.0,21.77,6.9,130.0
2025-03-16 06:00:00,0.29,9.2,12.5,21.8,19.0,46.0,19.0,722.8,0,29.0,4.1,0.0,17.37,3.2,262.0
2025-03-16 12:00:00,0.1399999999999999,2.9,3.1,6.0,53.0,118.0,30.0,724.2,0,16.0,4.3,0.481,24.99,3.6,292.0
2025-03-16 18:00:00,0.1899999999999999,2.5,5.7,8.2,69.0,90.0,31.0,723.5,0,14.0,8.1,0.056,28.66,8.2,125.0
2025-03-17 00:00:00,0.48,4.8,17.7,22.5,20.0,97.0,34.0,724.8,0,25.0,4.4,0.0,20.54,2.2,161.0
2025-03-17 06:00:00,0.22,2.0,9.8,11.8,23.0,70.0,29.0,724.8,0,47.0,5.1,0.0,14.71,4.5,320.0
2025-03-17 12:00:00,0.28,3.9,7.4,11.3,56.0,74.0,25.0,725.1,0,29.0,18.4,0.46,24.25,9.9,135.0
2025-03-17 18:00:00,0.25,3.2,6.0,9.3,48.0,65.0,20.0,723.3,0,19.0,4.3,0.057,30.2,14.2,135.0
2025-03-18 00:00:00,0.1899999999999999,1.9,3.3,5.2,46.0,42.0,13.0,723.5,0,43.0,5.0,0.0,19.92,8.9,114.0
2025-03-18 06:00:00,0.3400000000000001,10.2,11.8,22.0,24.0,29.0,20.0,722.5,0,61.0,4.9,0.0,14.93,2.5,326.0
2025-03-18 12:00:00,0.3200000000000002,4.1,6.7,10.8,53.0,75.0,20.0,722.1,0,35.0,6.9,0.485,25.39,5.2,172.0
2025-03-18 18:00:00,0.3499999999999999,3.9,8.8,12.8,49.0,65.0,25.0,720.1,0,23.0,4.7,0.04699999999999999,32.74,15.5,139.0
2025-03-19 00:00:00,0.28,2.1,6.8,8.8,34.0,63.0,17.0,720.6,0,52.0,5.4,0.0,22.36,5.5,112.0
2025-03-19 06:00:00,0.38,6.9,15.5,22.4,13.0,40.0,20.0,720.8,0,76.0,5.3,0.0,18.18,4.6,356.0
2025-03-19 12:00:00,0.1799999999999999,2.3,2.2,4.399999999999999,50.0,29.8,119.0,722.9,0,26.0,4.0,0.372,26.94,13.3,5.0
2025-03-19 18:00:00,0.21,2.4,5.3,7.7,50.0,320.0,82.0,722.4,0,14.0,3.9,0.069,29.38,4.9,65.0
2025-03-20 00:00:00,0.52,10.2,17.1,27.3,19.0,183.0,56.0,724.4,0,16.0,4.8,0.0,21.53,5.1,247.0
2025-03-20 06:00:00,0.24,8.8,13.9,22.7,27.0,156.0,39.0,725.8,0,13.0,5.9,0.0,17.27,6.1,279.0
2025-03-20 12:00:00,0.23,4.2,4.4,8.6,45.0,68.0,11.0,726.5,0,22.0,3.9,0.49,18.74,10.6,140.0
2025-03-20 18:00:00,0.22,2.8,4.6,7.4,50.0,65.0,13.0,724.6,0,14.0,11.4,0.06,21.85,13.0,117.0
2025-03-21 00:00:00,0.2699999999999999,2.7,9.5,12.2,31.0,41.0,13.0,724.6,0,38.0,4.2,0.0,14.59,7.2,135.0
2025-03-21 06:00:00,0.21,2.0,5.5,7.4,36.0,22.0,11.0,723.5,0,68.0,4.4,0.0,10.96,2.2,102.0
2025-03-21 12:00:00,0.3,4.3,6.3,10.6,51.0,48.0,14.0,723.5,0,38.0,7.0,0.475,20.31,2.5,271.0
2025-03-21 18:00:00,0.4299999999999999,5.0,10.5,15.5,42.0,51.0,17.0,722.1,0,31.0,4.8,0.072,26.51,7.8,147.0
2025-03-22 00:00:00,0.33,2.0,7.6,9.7,30.0,54.0,13.0,722.7,0,61.0,4.5,0.0,19.28,3.8,120.0
2025-03-22 06:00:00,0.3499999999999999,1.9,7.8,9.8,24.0,37.0,20.0,722.1,0,80.0,4.2,0.0,15.61,2.9,347.0
2025-03-22 12:00:00,0.33,3.1,5.0,8.1,54.0,67.0,22.6,722.4,0,44.0,9.1,0.495,26.12,4.0,83.0
2025-03-22 18:00:00,0.3499999999999999,2.4,4.2,6.6,51.0,52.0,25.0,721.1,0,35.0,7.3,0.063,29.69,11.3,116.0
2025-03-23 00:00:00,0.37,2.1,3.9,6.0,31.0,29.0,12.0,721.8,0,77.0,4.4,0.0,21.74,6.5,110.0
2025-03-23 06:00:00,0.3,2.100000000000001,4.0,6.0,25.0,28.0,12.0,721.1,0,84.0,4.3,0.0,20.02,4.1,39.0
2025-03-23 12:00:00,0.51,4.7,9.8,14.5,41.0,76.0,32.0,721.6,0,62.0,4.9,0.289,25.53,3.6,203.0
2025-03-23 18:00:00,0.52,2.8,11.7,14.5,66.0,66.0,28.0,720.8,0,40.0,6.7,0.053,29.94,4.5,158.0
2025-03-24 00:00:00,0.39,2.1,5.7,7.8,28.0,60.0,21.0,721.7,0,68.0,4.3,0.0,23.67,4.4,99.0
2025-03-24 06:00:00,0.5,15.6,9.7,25.3,11.0,38.0,25.0,721.8,0,84.0,4.4,0.0,21.04,1.2,327.0
2025-03-24 12:00:00,0.3400000000000001,2.5,2.2,4.7,38.0,50.0,19.0,722.8,0,59.0,4.8,0.406,27.4,11.0,99.0
2025-03-24 18:00:00,0.4299999999999999,4.0,7.1,11.1,40.0,50.0,22.0,721.9,0,41.0,6.4,0.04699999999999999,29.03,7.1,149.0
2025-03-25 00:00:00,0.59,5.7,13.7,19.4,18.0,72.0,31.0,722.8,0,60.0,4.5,0.0,24.23,2.9,139.0
2025-03-25 06:00:00,0.29,2.1,3.5,5.6,26.0,31.0,14.0,723.3,0,78.0,3.8,0.0,19.84,5.6,99.0
2025-03-25 12:00:00,0.33,3.4,3.1,6.6,41.0,46.0,17.0,723.4,0,48.0,6.1,0.489,27.29,8.4,126.0
2025-03-25 18:00:00,0.3400000000000001,3.6,5.1,8.7,39.0,42.0,16.0,722.2,0,33.0,7.1,0.073,31.25,8.8,115.0
2025-03-26 00:00:00,0.3400000000000001,2.2,3.6,5.8,27.0,31.0,22.0,723.3,0,63.0,4.2,0.0,25.54,9.7,114.0
2025-03-26 06:00:00,0.3,2.1,2.0,4.1,26.0,24.0,14.0,722.9,0,83.0,4.8,0.0,22.37,10.9,99.0
2025-03-26 12:00:00,0.45,5.2,4.4,9.6,24.0,36.0,16.0,723.3,0,81.0,4.4,0.176,24.28,4.7,158.0
2025-03-26 18:00:00,0.7420000000000001,11.06,4.6,7.6,20.0,56.6,39.6,723.4599999999999,0,71.6,4.62,0.0,24.77,3.94,119.6
2025-03-27 00:00:00,0.892,2.92,2.36,5.16,26.2,16.40000000000001,10.6,722.36,0,70.0,4.32,0.1148,29.032,8.3,133.0
2025-03-27 06:00:00,0.892,2.92,2.36,5.16,26.2,16.40000000000001,10.6,722.36,0,70.0,4.32,0.1148,29.032,8.3,133.0
2025-03-27 12:00:00,0.69,5.6,6.1,11.7,18.0,28.0,14.0,722.2,0,89.0,3.7,0.093,21.64,2.0,31.0
2025-03-27 18:00:00,0.78,6.7,8.6,15.3,22.0,22.0,6.0,721.2,0,89.0,3.7,0.02300000000000001,19.68,5.6,174.0
2025-03-28 00:00:00,0.81,8.5,13.8,22.3,15.0,15.0,8.0,722.0,0,88.0,3.7,0.001000000000000001,17.65,2.399999999999999,194.0
2025-03-28 06:00:00,0.69,13.1,11.3,24.4,13.0,24.0,14.0,721.8,0,89.0,4.1,0.001000000000000001,17.54,3.9,209.0
2025-03-28 12:00:00,0.79,8.0,11.7,19.8,35.0,48.0,26.0,721.8,0,63.0,4.5,0.425,23.95,3.1,187.0
2025-03-28 18:00:00,0.73,3.9,10.6,14.5,59.0,56.0,27.0,720.6,0,45.0,13.0,0.042,29.07,8.3,165.0
2025-03-29 00:00:00,1.05,11.2,16.8,27.9,15.0,78.0,26.0,721.0,0,69.0,4.2,0.0,22.61,2.2,143.0
2025-03-29 06:00:00,0.78,22.4,10.9,33.3,12.0,37.0,19.0,720.4,0,87.0,4.0,0.001000000000000001,18.96,3.0,305.0
2025-03-29 12:00:00,0.67,3.5,8.8,12.3,67.0,71.0,22.0,720.5,0,38.0,6.6,0.5230000000000001,31.31,1.899999999999999,23.0
2025-03-29 18:00:00,0.7,4.4,10.7,15.1,51.0,41.0,15.0,719.1,0,18.0,4.8,0.03599999999999999,36.98,7.0,154.0
2025-03-30 00:00:00,0.65,2.3,6.0,8.2,28.0,51.0,27.0,719.8,0,67.0,4.1,0.0,25.71,5.1,120.0
2025-03-30 06:00:00,0.62,2.080000000000001,6.1,8.1,22.0,44.0,31.0,719.6,0,84.0,3.9,0.0,21.72,7.2,2.0
2025-03-30 12:00:00,0.47,2.3,2.4,4.8,61.0,64.0,9.0,720.1,0,6.0,3.9,0.554,36.71,15.2,339.0
2025-03-30 18:00:00,0.52,2.3,2.5,4.8,53.0,32.0,18.0,719.2,0,27.0,4.4,0.034,35.68,13.7,94.0
2025-03-31 00:00:00,0.69,3.2,8.0,11.2,36.0,48.0,22.0,720.5,0,48.0,4.0,0.0,27.47,5.6,196.0
2025-03-31 06:00:00,0.9,31.0,15.0,46.0,12.0,64.0,35.0,720.5,0,64.0,4.2,0.0,23.7,1.2,272.0
2025-03-31 12:00:00,0.67,4.0,8.0,12.0,61.0,70.0,24.0,721.2,0,34.0,6.7,0.513,33.55,3.6,270.0
2025-03-31 18:00:00,0.56,2.4,3.2,5.6,51.0,51.0,21.0,720.4,0,33.0,4.3,0.061,33.6,13.8,108.0
2025-04-01 00:00:00,0.6,2.1,3.8,5.8,41.0,65.0,31.0,721.3,0,65.0,4.9,0.0,26.13,8.9,118.0
2025-04-01 06:00:00,0.65,5.9,7.3,13.1,22.0,56.0,39.0,720.4,0,80.0,5.6,0.0,23.23,3.2,178.0
2025-04-01 12:00:00,0.67,3.0,3.0,6.0,36.0,63.0,36.0,720.2,0,65.0,4.0,0.245,27.24,7.1,117.0
2025-04-01 18:00:00,0.75,3.6,7.7,11.3,45.0,62.0,32.0,717.8,0,35.0,4.3,0.075,35.78,11.6,139.0
2025-04-02 00:00:00,0.68,3.1,6.1,9.2,24.0,56.0,36.0,718.2,0,69.0,4.4,0.0,26.83,6.6,146.0
2025-04-02 06:00:00,0.66,5.8,7.3,13.1,16.0,51.0,36.0,717.8,0,83.0,4.1,0.0,22.55,1.399999999999999,57.99999999999999
2025-04-02 12:00:00,0.72,3.3,10.1,13.5,83.0,83.0,29.0,718.2,0,18.0,5.4,0.547,38.24,2.3,182.0
2025-04-02 18:00:00,0.55,3.2,7.4,10.6,60.0,43.0,14.0,717.0,0,8.000000000000007,20.8,0.042,41.28,10.7,128.0
2025-04-03 00:00:00,0.62,2.1,4.1,6.2,33.0,49.0,26.0,718.4,0,61.0,5.6,0.0,28.2,4.4,105.0
2025-04-03 06:00:00,0.74,11.7,9.4,21.1,14.0,71.0,32.0,718.5,0,79.0,4.1,0.0,23.04,4.1,202.0
2025-04-03 12:00:00,0.66,4.5,13.5,18.0,71.0,116.0,24.0,719.0,0,10.99999999999999,5.7,0.611,39.11,2.9,322.0
2025-04-03 18:00:00,0.52,2.48,3.2,5.6,61.0,53.0,16.0,717.8,0,16.0,4.7,0.053,38.88,12.3,79.0
2025-04-04 00:00:00,0.58,2.1,3.3,5.399999999999999,28.0,43.0,24.0,718.8,0,71.0,11.8,0.0,25.84,9.4,115.0
2025-04-04 06:00:00,0.74,12.2,10.3,22.5,14.0,51.0,30.0,719.2,0,84.0,4.5,0.0,22.59,3.0,207.0
2025-04-04 12:00:00,0.74,3.9,12.5,16.4,76.0,88.0,30.0,719.7,0,25.0,8.6,0.535,35.17,1.600000000000001,71.0
2025-04-04 18:00:00,0.52,2.3,3.0,5.3,58.0,49.0,18.0,717.9,0,18.0,5.0,0.04099999999999999,38.19,15.0,65.0
2025-04-05 00:00:00,0.62,2.1,2.5,4.6,30.0,51.0,26.0,719.3,0,74.0,4.5,0.0,25.57,8.1,105.0
2025-04-05 06:00:00,0.55,2.2,3.4,5.6,28.0,48.0,17.0,720.0,0,63.0,5.2,0.0,23.99,11.1,327.0
2025-04-05 12:00:00,0.54,2.5,2.5,5.0,47.0,68.0,9.0,720.8,0,45.0,4.0,0.302,24.89,10.0,351.0
2025-04-05 18:00:00,0.54,2.4,3.2,5.5,49.0,46.0,8.0,720.2,0,35.0,4.4,0.05500000000000001,27.72,11.4,103.0
2025-04-06 00:00:00,0.5,2.1,2.0,4.1,42.0,73.0,11.0,722.7,0,45.0,3.7,0.0,20.22,15.2,333.0
2025-04-06 06:00:00,0.47,2.4,1.8,3.8,30.0,34.0,7.0,723.4,0,55.0,4.8,0.0,13.53,14.8,333.0
2025-04-06 12:00:00,0.49,2.599999999999999,1.7,4.2,41.0,25.0,5.0,724.1,0,40.0,3.8,0.501,15.98,10.0,348.0
2025-04-06 18:00:00,0.51,2.4,3.3,5.7,43.0,23.0,5.0,722.8,0,33.0,3.9,0.029,19.34,7.8,329.0
2025-04-07 00:00:00,0.51,2.1,4.3,6.4,47.0,21.0,6.0,724.2,0,35.0,4.5,0.0,15.25,10.7,319.0
2025-04-07 06:00:00,0.63,9.0,17.1,26.2,17.0,29.0,15.0,723.9,0,43.0,5.9,0.0,12.13,1.3,304.0
2025-04-07 12:00:00,0.54,3.6,5.0,8.5,56.0,30.0,12.0,724.2,0,26.0,4.8,0.55,20.61,4.7,335.0
2025-04-07 18:00:00,0.48,2.2,2.3,4.5,62.0,24.0,6.0,722.7,0,15.0,4.0,0.05,25.71,9.4,67.00000000000001
2025-04-08 00:00:00,0.67,4.1,13.0,17.1,33.0,36.0,10.0,724.0,0,29.0,4.2,0.0,17.76,3.9,205.0
2025-04-08 06:00:00,0.66,13.9,19.0,32.8,12.0,57.0,25.0,724.0,0,41.0,5.1,0.0,13.49,3.2,317.0
2025-04-08 12:00:00,0.57,3.9,7.6,11.6,61.0,61.0,12.0,724.2,0,15.0,4.6,0.56,26.18,1.5,136.0
2025-04-08 18:00:00,0.58,3.4,7.9,11.3,71.0,34.0,9.0,722.9,0,9.0,17.6,0.04099999999999999,29.14,7.7,133.0
2025-04-09 00:00:00,0.55,2.1,6.7,8.8,46.0,39.0,10.0,723.9,0,38.0,12.2,0.0,18.37,5.0,118.0
2025-04-09 06:00:00,0.84,37.3,15.7,53.0,16.0,23.0,20.0,723.9,0,58.0,4.8,0.0,13.52,1.2,308.0
2025-04-09 12:00:00,0.7,4.4,11.3,15.7,65.0,66.0,19.0,724.0,0,26.0,10.9,0.553,26.31,1.3,93.0
2025-04-09 18:00:00,0.63,2.9,7.4,10.3,72.0,42.0,16.0,722.8,0,13.0,27.8,0.05500000000000001,32.5,6.0,144.0
2025-04-10 00:00:00,0.78,3.2,11.9,15.0,30.0,38.0,20.0,723.5,0,47.0,4.6,0.0,21.58,2.0,156.0
2025-04-10 06:00:00,0.73,8.9,17.8,26.6,13.0,41.0,24.0,723.3,0,69.0,4.5,0.0,17.47,2.9,338.0
2025-04-10 12:00:00,0.78,5.2,17.8,23.1,70.0,145.0,35.0,723.7,0,16.0,7.3,0.544,33.13,1.600000000000001,57.99999999999999
2025-04-10 18:00:00,0.53,2.4,3.2,5.6,64.0,31.0,8.2,722.9,0,9.0,4.8,0.056,34.66,11.4,92.0
2025-04-11 00:00:00,0.68,2.3,8.1,10.4,38.0,35.0,17.4,724.0,0,47.0,9.0,0.0,22.9,5.9,130.0
2025-04-11 06:00:00,0.65,3.9,12.5,16.4,20.0,32.0,16.0,723.6,0,73.0,4.1,0.0,18.21,3.1,13.0
2025-04-11 12:00:00,0.64,3.6,6.0,9.6,62.0,73.0,16.0,724.5,0,31.0,8.4,0.544,30.76,5.7,126.0
2025-04-11 18:00:00,0.55,2.4,2.9,5.399999999999999,61.0,40.0,10.0,723.4,0,17.0,10.7,0.06,32.6,12.5,98.0
2025-04-12 00:00:00,0.58,2.1,4.6,6.6,42.0,33.0,10.0,724.3,0,45.0,8.0,0.0,23.21,9.6,110.0
2025-04-12 06:00:00,0.61,2.1,8.5,10.5,26.0,46.0,16.0,723.5,0,68.0,4.5,0.0,17.12,4.0,346.0
2025-04-12 12:00:00,0.6,3.1,4.1,7.1,60.0,68.0,13.0,723.4,0,25.0,5.8,0.5490000000000002,30.18,13.9,119.0
2025-04-12 18:00:00,0.65,4.4,8.8,13.2,53.0,45.0,11.0,722.2,0,10.0,4.1,0.052,34.33,12.9,142.0
2025-04-13 00:00:00,0.69,2.3,9.2,11.5,34.0,35.0,17.0,722.9,0,32.0,4.4,0.0,22.67,6.6,107.0
2025-04-13 06:00:00,0.61,2.1,4.7,6.8,33.0,34.0,13.0,722.3,0,58.0,5.3,0.0,16.54,4.2,16.0
2025-04-13 12:00:00,0.59,2.6,3.8,6.3,68.0,48.0,19.0,722.4,0,28.0,13.6,0.5490000000000002,29.39,4.5,115.0
2025-04-13 18:00:00,0.55,2.3,2.6,5.0,60.0,33.0,15.0,721.5,0,18.0,28.9,0.057,35.06,11.8,107.0
2025-04-14 00:00:00,0.62,2.2,3.8,5.9,35.0,29.0,11.0,722.5,0,59.0,5.7,0.0,22.7,5.6,118.0
2025-04-14 06:00:00,0.65,2.1,5.6,7.6,25.0,32.0,13.0,722.1,0,79.0,4.0,0.0,18.03,2.5,29.0
2025-04-14 12:00:00,0.65,2.9,4.3,7.2,63.0,71.0,20.0,722.3,0,36.0,16.6,0.55,29.91,8.4,113.0
2025-04-14 18:00:00,0.62,3.6,6.6,10.2,54.0,41.0,12.0,721.5,0,12.0,17.1,0.05500000000000001,36.02,9.0,128.0
2025-04-15 00:00:00,0.61,2.1,3.6,5.8,35.0,47.0,13.0,722.7,0,65.0,17.7,0.0,23.7,10.1,116.0
2025-04-15 06:00:00,0.64,3.7,6.5,10.3,25.0,44.0,17.0,722.7,0,84.0,5.6,0.0,19.07,0.5999999999999996,118.0
2025-04-15 12:00:00,0.63,2.4,2.7,5.1,58.0,57.0,27.0,723.7,0,48.0,20.1,0.524,28.36,4.7,66.00000000000001
2025-04-15 18:00:00,0.71,2.4,2.4,4.8,44.4,61.0,34.0,722.9,0,44.0,5.5,0.057,29.23,15.6,89.0
2025-04-16 00:00:00,0.63,2.1,1.8,3.899999999999999,41.0,39.0,16.0,723.6,0,69.0,54.0,0.0,23.16,12.7,120.0
2025-04-16 06:00:00,0.63,2.1,2.3,4.399999999999999,34.0,34.0,15.0,722.7,0,80.0,10.8,0.0,20.79,8.2,107.0
2025-04-16 12:00:00,0.69,3.4,3.3,6.7,48.0,52.0,23.0,722.6,0,47.0,4.9,0.536,28.04,8.4,138.0
2025-04-16 18:00:00,0.67,4.4,8.2,12.6,46.0,67.0,15.0,721.0,0,15.0,4.3,0.097,33.74,15.6,139.0
2025-04-17 00:00:00,0.61,2.1,2.4,4.5,38.0,27.0,10.8,721.7,0,59.0,6.0,0.0,24.2,10.7,103.0
2025-04-17 06:00:00,0.62,2.1,3.4,5.5,27.0,24.0,11.0,721.3,0,85.0,4.3,0.0,18.76,5.6,79.0
2025-04-17 12:00:00,0.67,2.9,3.5,6.4,54.0,53.0,26.0,721.4,0,54.0,12.1,0.47,26.34,4.0,136.0
2025-04-17 18:00:00,0.66,3.4,5.7,9.0,50.0,37.0,17.0,720.1,0,20.0,4.1,0.077,35.56,15.3,135.0
2025-04-18 00:00:00,0.63,2.1,2.9,5.0,37.0,35.0,18.0,720.8,0,54.0,13.5,0.0,25.11,8.7,95.0
2025-04-18 06:00:00,0.64,2.1,4.4,6.4,30.0,31.0,18.0,720.7,0,73.0,4.3,0.0,20.69,4.9,81.0
2025-04-18 12:00:00,0.72,3.1,4.8,7.9,64.0,50.0,31.0,721.1,0,46.0,21.8,0.533,29.41,4.2,197.0
2025-04-18 18:00:00,0.65,2.8,4.0,6.8,53.0,45.0,24.0,719.8,0,28.0,4.5,0.092,35.01,14.2,131.0
2025-04-19 00:00:00,0.68,2.6,3.5,6.1,42.0,48.0,34.0,720.8,0,53.0,5.3,0.0,27.44,12.2,151.0
2025-04-19 06:00:00,0.63,2.1,2.5,4.6,28.0,31.0,23.0,720.9,0,78.0,4.6,0.0,22.44,4.5,86.0
2025-04-19 12:00:00,0.66,2.5,2.2,4.7,45.0,51.0,38.0,721.5,0,61.0,49.5,0.408,27.49,3.2,93.0
2025-04-19 18:00:00,0.71,3.0,4.3,7.3,45.0,47.0,28.0,720.1,0,41.0,5.3,0.075,32.6,13.9,135.0
2025-04-20 00:00:00,0.69,2.7,3.0,5.6,35.0,53.0,24.0,720.9,0,65.0,5.7,0.0,25.65,14.0,146.0
2025-04-20 06:00:00,0.61,2.22,1.2,3.2,34.0,35.0,25.0,720.7,0,76.0,4.2,0.0,22.99,6.3,81.0
2025-04-20 12:00:00,0.53,2.3,1.4,3.7,59.0,86.0,18.0,722.9,0,23.0,3.9,0.468,26.58,16.8,349.0
2025-04-20 18:00:00,0.61,3.6,6.6,10.2,59.0,89.0,18.0,721.9,0,18.0,4.1,0.077,30.65,4.9,225.0
2025-04-21 00:00:00,0.69,2.6,8.7,11.2,44.0,52.0,16.0,722.5,0,35.0,4.0,0.0,23.62,4.1,159.0
2025-04-21 06:00:00,0.71,5.1,15.4,20.5,14.0,51.0,27.0,722.2,0,50.0,5.9,0.0,20.14,5.4,317.0
2025-04-21 12:00:00,0.62,3.0,4.9,8.0,69.0,54.0,16.0,722.3,0,32.0,9.6,0.528,30.41,2.100000000000001,131.0
2025-04-21 18:00:00,0.578,2.1,2.0,4.1,41.0,35.8,15.0,721.6,0,50.0,4.1,0.074,29.04,12.2,101.0
2025-04-22 00:00:00,0.578,2.0,2.1,4.0,29.0,43.0,16.0,722.1,0,71.0,4.3,0.0,25.3,11.0,126.0
2025-04-22 06:00:00,0.6000000000000001,2.16,2.0,4.16,22.0,24.0,13.0,721.3,0,83.0,4.8,0.0,22.08,8.3,82.0
2025-04-22 12:00:00,0.93,4.5,3.3,7.8,27.0,38.0,18.0,721.7,0,70.0,5.3,0.217,25.75,6.2,171.0
2025-04-22 18:00:00,0.7,2.6,3.5,6.0,38.0,67.0,25.0,720.2,0,46.0,10.2,0.068,31.76,7.7,77.0
2025-04-23 00:00:00,0.68,2.2,4.2,6.5,23.0,27.0,18.0,721.3,0,83.0,10.2,0.0,23.05,6.4,127.0
2025-04-23 06:00:00,0.63,2.0,3.1,5.1,19.0,25.0,16.0,720.7,0,88.0,7.5,0.0,21.59,6.8,71.0
2025-04-23 12:00:00,0.74,4.5,3.7,8.2,25.0,38.0,21.0,721.5,0,77.0,7.0,0.231,24.79,3.3,194.0
2025-04-23 18:00:00,0.72,3.1,6.1,9.2,37.0,47.0,28.0,720.6,0,52.0,18.0,0.04099999999999999,30.18,6.8,130.0
2025-04-24 00:00:00,0.59,1.9,3.2,5.1,30.0,24.0,13.0,721.1,0,63.0,14.0,0.0,24.95,8.1,99.0
2025-04-24 06:00:00,0.59,2.12,4.1,6.0,27.0,27.0,16.0,720.8,0,77.0,5.5,0.0,22.39,3.8,72.0
2025-04-24 12:00:00,0.68,3.0,3.9,6.9,26.0,24.0,22.0,721.6,0,86.0,5.4,0.127,23.28,4.7,74.0
2025-04-24 18:00:00,0.63,2.3,2.4,4.7,39.0,36.0,23.0,720.8,0,56.0,14.2,0.073,29.65,10.1,102.0
2025-04-25 00:00:00,0.6,2.06,1.9,3.8,35.0,28.0,18.0,721.7,0,68.0,24.8,0.0,25.39,9.3,111.0
2025-04-25 06:00:00,0.61,2.0,2.0,4.0,30.0,30.0,22.0,721.6,0,82.0,5.4,0.0,23.07,6.2,116.0
2025-04-25 12:00:00,0.74,3.8,4.5,8.3,26.0,40.0,25.0,722.2,0,78.0,4.5,0.091,24.71,7.7,131.0
2025-04-25 18:00:00,0.75,3.2,5.5,8.6,39.0,55.0,36.0,721.3,0,53.0,19.4,0.087,30.61,6.5,134.0
2025-04-26 00:00:00,0.63,2.0,2.5,4.5,34.0,37.0,26.0,722.2,0,73.0,54.2,0.0,24.35,11.0,112.0
2025-04-26 06:00:00,0.6,2.100000000000001,1.9,3.8,31.0,36.0,23.0,721.9,0,84.0,7.1,0.0,22.55,9.0,101.0
2025-04-26 12:00:00,0.79,3.2,3.5,6.8,29.0,47.0,28.0,722.3,0,74.0,5.0,0.081,25.04,5.5,128.0
2025-04-26 18:00:00,0.8,4.5,5.7,10.2,38.0,55.0,36.0,721.3,0,53.0,5.6,0.111,30.37,5.8,194.0
2025-04-27 00:00:00,0.68,2.3,3.6,5.9,30.0,29.0,16.0,722.0,0,70.0,9.1,0.001000000000000001,24.04,8.7,125.0
2025-04-27 06:00:00,0.56,2.12,2.1,4.0,30.0,23.0,16.2,722.0,0,80.0,5.1,0.001000000000000001,20.48,3.1,105.0
2025-04-27 12:00:00,0.61,2.5,2.5,5.0,51.0,41.0,28.0,722.3,0,54.0,38.6,0.504,28.48,6.1,133.0
2025-04-27 18:00:00,0.6,2.3,2.8,5.1,50.0,38.0,25.0,720.9,0,32.0,47.0,0.082,34.97,12.9,121.0
2025-04-28 00:00:00,0.58,2.0,1.6,3.6,33.0,25.0,16.0,722.3,0,70.0,7.5,0.001000000000000001,25.0,9.9,91.0
2025-04-28 06:00:00,0.57,2.0,2.4,4.399999999999999,26.0,23.0,15.0,721.9,0,81.0,10.3,0.001000000000000001,22.11,6.4,106.0
2025-04-28 12:00:00,0.65,3.6,3.1,6.7,38.0,38.0,23.0,722.0,0,56.0,5.0,0.511,28.13,6.1,168.0
2025-04-28 18:00:00,0.67,4.3,6.6,10.9,48.0,76.0,24.0,720.5,0,23.0,4.6,0.085,36.6,15.8,152.0
2025-04-29 00:00:00,0.59,2.1,2.6,4.7,32.0,36.0,20.0,721.3,0,57.0,27.8,0.001000000000000001,27.59,13.6,129.0
2025-04-29 06:00:00,0.57,2.3,3.8,6.1,24.0,24.0,12.0,721.7,0,75.0,4.5,0.0,21.84,5.7,108.0
2025-04-29 12:00:00,0.68,3.5,3.0,6.5,37.0,35.0,20.0,722.0,0,58.0,5.7,0.317,26.97,6.7,159.0
2025-04-29 18:00:00,0.86,5.9,9.1,15.0,27.0,51.0,24.0,720.7,0,58.0,6.5,0.071,28.57,3.9,196.0
2025-04-30 00:00:00,0.67,3.5,5.7,9.2,19.0,27.0,14.0,721.0,0,72.0,4.4,0.0,24.58,7.4,126.0
2025-04-30 06:00:00,0.6,2.2,5.7,7.9,18.0,36.0,16.0,720.6,0,79.0,4.0,0.0,21.81,4.1,360.0
2025-04-30 12:00:00,0.62,3.9,6.1,10.0,48.0,52.0,23.0,720.8,0,45.0,7.6,0.5230000000000001,31.82,1.7,305.0
2025-04-30 18:00:00,0.67,4.6,6.8,11.4,44.0,37.0,21.0,719.8,0,28.0,4.8,0.083,34.82,11.1,165.0
2025-05-01 00:00:00,1.152,2.2,2.3,4.7,26.4,38.4,17.0,723.4599999999999,0,71.6,14.82,0.0,22.524,9.22,119.6
2025-05-01 06:00:00,0.59,2.0,5.5,7.5,21.0,33.0,20.0,720.6,0,77.0,4.6,0.0,22.73,4.3,25.0
2025-05-01 12:00:00,0.67,3.2,3.3,6.5,44.0,45.0,30.0,721.2,0,57.0,28.4,0.5200000000000001,29.6,9.5,131.0
2025-05-01 18:00:00,0.59,2.1,2.2,4.399999999999999,44.0,47.0,21.0,720.6,0,58.0,4.6,0.054,27.75,11.3,60.0
2025-05-02 00:00:00,0.63,2.4,3.5,6.0,31.0,25.0,18.0,720.8,0,74.0,4.2,0.0,24.34,8.0,135.0
2025-05-02 06:00:00,0.65,5.6,5.5,11.1,21.0,24.0,21.0,721.0,0,87.0,4.1,0.002000000000000016,21.56,4.5,224.0
2025-05-02 12:00:00,0.73,3.7,4.4,8.2,39.0,42.0,28.0,721.0,0,68.0,4.8,0.318,27.17,4.4,160.0
2025-05-02 18:00:00,0.72,3.4,5.5,8.9,45.0,47.0,24.2,719.6,0,48.0,4.1,0.087,32.08,8.8,126.0
2025-05-03 00:00:00,0.58,2.1,2.4,4.5,27.0,26.0,12.0,720.5,0,66.0,4.3,0.0,26.41,6.4,105.0
2025-05-03 06:00:00,0.56,2.0,2.3,4.3,35.0,17.0,9.0,721.6,0,76.0,3.8,0.001000000000000001,22.7,8.8,344.0
2025-05-03 12:00:00,0.61,2.9,3.6,6.5,34.0,9.0,4.0,722.8,0,79.0,3.6,0.134,20.07,13.4,328.0
2025-05-03 18:00:00,0.63,2.2,4.6,6.8,39.0,25.0,10.0,722.2,0,66.0,4.2,0.014,22.0,7.3,345.0
2025-05-04 00:00:00,0.76,3.0,8.2,11.2,19.0,31.0,18.0,722.3,0,80.0,3.6,0.001000000000000001,20.16,4.9,123.0
2025-05-04 06:00:00,0.59,2.4,3.7,6.0,35.0,8.000000000000007,7.0,721.6,0,90.0,3.5,0.001000000000000001,19.02,1.8,172.0
2025-05-04 12:00:00,0.63,2.5,2.9,5.3,34.0,11.0,9.0,721.6,0,90.0,4.0,0.098,20.51,5.6,113.0
2025-05-04 18:00:00,0.72,4.2,4.8,9.0,32.0,25.0,9.0,720.3,0,76.0,4.2,0.07,23.83,6.2,176.0
2025-05-05 00:00:00,0.67,3.4,4.4,7.7,23.0,25.0,11.0,720.4,0,85.0,4.0,0.001000000000000001,22.32,6.8,156.0
2025-05-05 06:00:00,0.58,2.2,4.1,6.3,19.0,19.0,14.0,720.1,0,88.0,4.3,0.001000000000000001,22.05,6.5,80.0
2025-05-05 12:00:00,0.75,3.5,3.9,7.4,35.0,36.0,24.0,720.2,0,71.0,12.0,0.175,25.64,5.1,128.0
2025-05-05 18:00:00,0.75,4.6,7.0,11.6,42.0,53.0,26.0,718.6,0,51.0,4.4,0.079,31.52,7.4,190.0
2025-05-06 00:00:00,0.62,2.2,3.2,5.399999999999999,23.0,33.0,23.2,719.3,0,78.0,11.7,0.001000000000000001,25.35,6.9,123.0
2025-05-06 06:00:00,0.66,2.14,3.9,6.0,19.0,39.0,30.0,719.2,0,84.0,4.0,0.001000000000000001,24.19,2.9,74.0
2025-05-06 12:00:00,0.75,3.4,7.3,10.7,66.0,60.0,31.0,719.6,0,36.0,6.7,0.533,34.06,3.3,212.0
2025-05-06 18:00:00,0.8,4.4,10.8,15.2,44.0,44.0,18.0,718.5,0,21.0,5.8,0.07,37.46,8.1,151.0
2025-05-07 00:00:00,0.68,2.3,2.8,5.2,30.0,34.0,23.0,720.1,0,68.0,4.1,0.001000000000000001,28.92,5.7,123.0
2025-05-07 06:00:00,0.74,4.0,11.9,15.8,26.0,45.0,23.0,720.6,0,60.0,4.0,0.001000000000000001,26.53,7.1,320.0
2025-05-07 12:00:00,0.65,2.4,3.0,5.399999999999999,63.0,41.0,23.0,721.5,0,41.0,4.6,0.541,32.86,3.6,12.0
2025-05-07 18:00:00,0.66,2.4,2.4,4.6,53.0,33.0,18.0,720.9,0,46.0,4.0,0.085,31.07,13.5,85.0
2025-05-08 00:00:00,0.73,2.6,3.9,6.5,30.0,26.59999999999999,16.0,722.0,0,81.0,3.7,0.001000000000000001,25.12,6.1,135.0
2025-05-08 06:00:00,1.152,2.2,2.3,4.7,26.4,38.4,17.0,723.4599999999999,0,71.6,14.82,0.0,22.524,9.22,119.6
2025-05-08 12:00:00,1.044,4.36,3.640000000000001,8.02,28.0,42.2,18.0,721.9,0,89.0,5.5,0.253,24.71,3.4,180.0
2025-05-08 18:00:00,0.7080000000000001,2.86,4.279999999999999,7.119999999999999,35.8,41.0,24.0,720.5,0,55.0,10.16,0.05500000000000001,31.06,7.0,86.0
2025-05-09 00:00:00,0.8,2.220000000000001,2.859999999999999,5.12,35.6,8.000000000000007,4.0,723.1,0,77.0,4.06,0.001000000000000001,20.38,13.7,328.0
2025-05-09 06:00:00,0.9319999999999999,2.38,2.859999999999999,5.12,35.6,16.0,8.0,723.1,0,71.0,4.06,0.001000000000000001,20.06,11.7,336.0
2025-05-09 12:00:00,1.036,2.68,3.48,6.18,40.2,26.0,8.0,723.6,0,54.0,4.960000000000001,0.25,23.82,10.5,335.0
2025-05-09 18:00:00,0.85,2.4,3.5,6.0,58.0,20.0,8.0,722.5,0,35.0,3.4,0.133,29.51,5.3,37.00000000000001
2025-05-10 00:00:00,1.92,25.6,17.9,43.5,12.0,133.0,42.0,723.5,0,65.0,4.2,0.001000000000000001,22.35,3.5,256.0
2025-05-10 06:00:00,1.32,31.0,12.9,43.9,12.0,88.0,27.0,723.2,0,71.0,4.2,0.001000000000000001,19.31,3.4,253.0
2025-05-10 12:00:00,0.78,2.1,2.2,4.399999999999999,65.0,20.0,7.0,723.5,0,36.0,4.1,0.557,28.41,11.7,355.0
2025-05-10 18:00:00,0.77,2.1,2.5,4.7,61.0,21.0,9.0,722.8,0,31.0,3.8,0.068,29.17,8.5,349.0
2025-05-11 00:00:00,2.34,30.2,18.2,48.4,13.0,223.0,132.0,723.7,0,51.0,4.4,0.001000000000000001,22.9,1.899999999999999,257.0
2025-05-11 06:00:00,1.15,6.5,13.1,19.6,13.0,72.0,33.0,723.4,0,64.0,4.2,0.001000000000000001,18.18,0.9000000000000004,37.00000000000001
2025-05-11 12:00:00,0.7,2.0,2.2,4.3,74.0,23.0,9.0,723.3,0,21.0,4.2,0.5650000000000001,30.45,10.5,345.0
2025-05-11 18:00:00,0.66,1.9,1.8,3.7,75.0,20.0,8.0,722.0,0,12.0,4.0,0.106,34.57,5.8,34.0
2025-05-12 00:00:00,1.04,3.5,15.5,19.0,28.0,43.0,13.0,722.8,0,33.0,3.9,0.0,24.72,2.399999999999999,190.0
2025-05-12 06:00:00,1.0,4.7,16.2,20.9,15.0,87.0,43.0,722.2,0,49.0,5.5,0.0,20.11,5.8,321.0
2025-05-12 12:00:00,0.85,3.7,8.4,12.1,71.0,40.0,13.0,722.4,0,20.0,6.2,0.566,32.95,2.8,211.0
2025-05-12 18:00:00,0.81,3.0,8.9,11.9,70.0,31.0,13.0,720.7,0,14.0,10.6,0.107,36.11,8.5,137.0
2025-05-13 00:00:00,0.76,2.0,6.8,8.8,38.0,35.0,12.0,720.9,0,42.0,14.7,0.0,26.47,5.3,111.0
2025-05-13 06:00:00,0.88,4.2,13.3,17.5,20.0,61.0,25.0,720.5,0,61.0,4.2,0.0,22.66,3.9,323.0
2025-05-13 12:00:00,1.13,3.7,16.9,20.6,98.0,101.0,33.0,720.5,0,26.0,7.8,0.54,35.96,3.6,174.0
2025-05-13 18:00:00,0.9,2.5,6.9,9.5,69.0,39.0,15.0,719.1,0,15.0,4.3,0.111,40.31,11.9,129.0
2025-05-14 00:00:00,0.9,2.0,9.3,11.4,35.0,63.0,24.0,719.9,0,42.0,10.2,0.0,28.45,5.7,98.0
2025-05-14 06:00:00,0.81,1.9,7.6,9.5,27.0,58.0,27.0,719.5,0,70.0,4.2,0.0,22.6,3.9,6.0
2025-05-14 12:00:00,1.03,3.8,14.0,17.8,82.0,108.0,37.0,719.6,0,27.0,11.3,0.516,38.04,3.1,112.0
2025-05-14 18:00:00,0.85,2.5,6.3,8.8,56.0,50.0,24.0,718.5,0,20.0,5.9,0.106,40.95,13.4,129.0
2025-05-15 00:00:00,0.86,2.0,4.6,6.6,39.0,46.0,33.0,719.1,0,55.0,20.3,0.0,30.09,8.3,119.0
2025-05-15 06:00:00,0.87,1.9,5.9,7.8,40.0,54.0,40.0,719.1,0,64.0,6.2,0.0,25.22,3.9,9.0
2025-05-15 12:00:00,0.99,3.9,12.4,16.3,82.0,111.0,48.0,719.8,0,31.0,7.8,0.534,37.09,4.4,201.0
2025-05-15 18:00:00,0.79,1.9,2.4,4.3,63.0,68.0,34.0,719.0,0,25.0,5.2,0.126,39.89,15.3,60.0
2025-05-16 00:00:00,1.152,2.2,2.3,4.7,26.4,38.4,17.0,723.4599999999999,0,71.6,14.82,0.0,22.524,9.22,119.6
2025-05-16 06:00:00,0.88,2.1,3.8,5.9,30.0,41.0,33.0,720.1,0,75.0,5.2,0.0,25.09,3.9,61.0
2025-05-16 12:00:00,0.79,2.3,3.6,5.9,77.0,74.0,53.0,720.5,0,53.0,38.3,0.498,32.6,3.9,104.0
2025-05-16 18:00:00,1.15,5.1,14.0,19.1,37.0,128.0,62.0,719.8,0,50.0,11.4,0.01600000000000001,32.62,5.2,249.0
2025-05-17 00:00:00,0.9,3.4,7.5,11.0,23.0,63.0,37.0,720.7,0,65.0,5.3,0.0,29.4,6.7,143.0
2025-05-17 06:00:00,0.77,2.22,3.0,5.0,29.0,46.0,37.0,721.1,0,77.0,3.7,0.0,26.78,3.5,40.0
2025-05-17 12:00:00,0.81,2.5,3.3,5.8,54.0,78.0,62.0,721.1,0,64.0,4.2,0.3420000000000001,30.34,5.7,102.0
2025-05-17 18:00:00,1.43,10.9,16.9,27.8,22.0,105.0,51.0,719.7,0,39.0,12.8,0.014,34.66,5.0,178.0
2025-05-18 00:00:00,0.81,2.3,3.9,6.2,32.0,47.0,31.0,720.1,0,57.0,5.7,0.0,30.13,9.1,125.0
2025-05-18 06:00:00,0.74,2.12,1.6,3.5,33.0,38.0,34.0,720.7,0,77.0,5.2,0.0,25.51,5.1,108.0
2025-05-18 12:00:00,0.74,2.2,1.5,3.8,42.0,50.0,40.0,720.6,0,61.0,4.9,0.388,30.34,3.8,78.0
2025-05-18 18:00:00,0.97,3.8,7.9,11.7,36.0,67.0,45.0,719.2,0,54.0,4.4,0.048,32.06,4.3,156.0
2025-05-19 00:00:00,0.8,2.3,4.5,6.8,28.0,42.0,32.0,719.2,0,63.0,5.5,0.0,28.98,5.9,112.0
2025-05-19 06:00:00,0.76,2.18,4.5,6.3,28.0,44.0,32.0,719.1,0,74.0,4.7,0.0,25.3,4.2,43.0
2025-05-19 12:00:00,0.86,2.9,7.4,10.3,80.0,74.0,46.0,719.6,0,47.0,35.2,0.521,34.43,4.3,167.0
2025-05-19 18:00:00,0.92,3.6,10.5,14.1,53.0,59.0,30.0,718.1,0,27.0,5.6,0.13,39.29,7.1,159.0
2025-05-20 00:00:00,0.89,3.6,6.2,9.9,23.0,59.0,37.0,719.2,0,61.0,13.7,0.0,31.44,4.6,173.0
2025-05-20 06:00:00,0.76,2.0,4.2,6.2,23.0,39.0,26.0,719.3,0,76.0,4.2,0.0,26.5,2.600000000000001,66.00000000000001
2025-05-20 12:00:00,0.74,2.4,1.5,4.0,44.0,70.0,34.0,720.7,0,50.0,4.0,0.438,34.63,12.3,20.0
2025-05-20 18:00:00,0.95,5.1,6.2,11.3,31.0,57.0,32.0,720.7,0,68.0,3.8,0.114,30.4,7.9,195.0
2025-05-21 00:00:00,0.94,4.2,6.9,11.1,27.0,62.0,39.0,721.4,0,73.0,3.8,0.0,28.25,3.8,161.0
2025-05-21 06:00:00,0.83,5.2,5.6,10.8,26.0,71.0,42.0,721.3,0,80.0,3.8,0.0,26.67,4.7,37.99999999999999
2025-05-21 12:00:00,0.94,3.9,4.0,7.9,39.0,51.0,34.0,722.0,0,65.0,3.8,0.41,31.02,6.7,176.0
2025-05-21 18:00:00,0.8,2.5,4.3,6.8,34.0,57.0,33.0,721.2,0,64.0,3.7,0.012,29.85,6.1,56.00000000000001
2025-05-22 00:00:00,0.81,2.6,3.7,6.4,36.0,50.0,9.0,722.7,0,85.0,3.5,0.001000000000000001,22.61,8.3,165.0
2025-05-22 06:00:00,0.79,2.0,8.1,10.0,24.0,50.0,13.0,721.1,0,82.0,3.9,0.001000000000000001,21.72,2.399999999999999,356.0
2025-05-22 12:00:00,0.82,2.7,3.5,6.2,63.0,23.0,15.0,722.2,0,56.0,9.5,0.533,28.89,6.0,128.0
2025-05-22 18:00:00,0.85,3.1,7.3,10.4,60.0,36.0,25.4,721.2,0,44.0,19.3,0.123,33.02,7.7,147.0
2025-05-23 00:00:00,0.72,2.1,2.4,4.6,24.0,23.0,12.0,722.2,0,71.0,7.5,0.001000000000000001,26.81,9.0,115.0
2025-05-23 06:00:00,0.72,2.2,2.5,4.7,19.0,26.0,17.0,722.0,0,83.0,4.2,0.001000000000000001,24.7,5.0,69.0
2025-05-23 12:00:00,0.83,3.3,2.9,6.2,40.0,34.0,23.0,722.2,0,62.0,5.0,0.481,30.1,8.1,130.0
2025-05-23 18:00:00,0.8,3.4,5.1,8.5,43.0,46.0,33.0,721.1,0,50.0,10.2,0.144,33.13,10.8,130.0
2025-05-24 00:00:00,0.76,3.8,3.8,7.6,22.0,35.0,17.0,722.1,0,66.0,5.4,0.001000000000000001,27.33,6.9,169.0
2025-05-24 06:00:00,0.64,2.1,1.9,4.0,18.0,21.0,11.0,721.9,0,85.0,3.9,0.001000000000000001,24.0,3.3,64.0
2025-05-24 12:00:00,0.7,2.3,2.5,4.8,55.0,51.0,36.0,721.8,0,63.0,23.4,0.5230000000000001,29.74,4.4,70.0
2025-05-24 18:00:00,0.7,4.7,6.8,11.5,38.0,38.0,24.0,720.8,0,46.0,4.3,0.177,34.73,10.0,144.0
2025-05-25 00:00:00,0.586,2.2,2.2,4.5,24.0,31.0,17.0,721.8,0,68.0,5.4,0.001000000000000001,27.7,10.5,108.0
2025-05-25 06:00:00,0.61,2.2,1.7,3.8,20.0,19.0,9.0,721.5,0,79.0,5.3,0.001000000000000001,24.58,5.8,106.0
2025-05-25 12:00:00,0.742,2.2,1.9,4.1,49.0,37.0,29.0,721.8,0,61.0,11.5,0.499,30.02,4.2,89.0
2025-05-25 18:00:00,0.692,3.5,5.0,8.5,41.0,39.0,24.0,720.5,0,51.0,4.3,0.122,33.09,7.5,129.0
2025-05-26 00:00:00,0.632,2.5,4.7,7.2,27.0,44.0,31.0,720.8,0,66.0,4.1,0.001000000000000001,28.14,6.9,128.0
2025-05-26 06:00:00,0.742,2.2,5.9,8.1,22.0,52.0,31.0,720.4,0,75.0,4.1,0.001000000000000001,25.73,3.5,71.0
2025-05-26 12:00:00,0.676,2.6,3.8,6.4,68.0,44.0,27.0,720.8,0,41.0,8.8,0.5260000000000001,34.6,7.2,128.0
2025-05-26 18:00:00,0.728,3.9,6.7,10.6,52.0,48.0,16.0,719.5,0,31.0,3.9,0.164,35.0,9.1,189.0
2025-05-27 00:00:00,0.922,11.8,16.1,27.9,15.0,115.0,32.0,720.6,0,50.0,5.5,0.001000000000000001,29.04,4.8,205.0
2025-05-27 06:00:00,0.652,2.2,3.0,5.2,22.0,39.0,26.0,721.1,0,83.0,3.9,0.001000000000000001,25.2,5.4,45.0
2025-05-27 12:00:00,0.778,3.4,3.3,6.8,47.0,54.0,44.0,722.3,0,65.0,6.2,0.343,30.38,3.9,151.0
2025-05-27 18:00:00,0.742,4.3,5.1,9.4,34.0,51.0,36.0,721.4,0,60.0,14.3,0.121,30.95,9.8,148.0
2025-05-28 00:00:00,0.584,2.5,2.5,4.899999999999999,27.0,41.0,30.0,721.9,0,75.0,3.5,0.001000000000000001,27.26,9.5,123.0
2025-05-28 06:00:00,0.692,2.4,2.5,4.899999999999999,22.0,36.0,29.0,721.9,0,86.0,3.5,0.001000000000000001,25.22,7.5,115.0
2025-05-28 12:00:00,0.5539999999999999,2.5,1.9,4.3,38.0,36.0,24.0,722.5,0,73.0,3.5,0.091,27.37,13.2,77.0
2025-05-28 18:00:00,0.7160000000000001,4.1,5.0,9.0,39.0,28.0,12.0,721.9,0,71.0,4.0,0.131,26.05,9.5,165.0
2025-05-29 00:00:00,1.03,4.4,6.8,11.2,22.0,41.0,16.0,722.5,0,79.0,4.7,0.001000000000000001,23.91,1.600000000000001,238.0
2025-05-29 06:00:00,0.7040000000000001,2.6,8.3,10.8,17.0,34.0,16.0,722.0,0,85.0,3.8,0.002000000000000016,22.45,3.2,111.0
2025-05-29 12:00:00,0.6639999999999999,2.5,2.3,4.899999999999999,51.0,32.0,20.0,722.6,0,59.0,15.4,0.566,28.86,9.0,112.0
2025-05-29 18:00:00,0.5539999999999998,3.0,4.6,7.6,49.0,27.0,15.0,721.5,0,49.0,4.1,0.154,32.21,7.4,157.0
2025-05-30 00:00:00,0.648,2.9,3.1,5.9,24.0,32.0,21.0,722.1,0,68.0,4.0,0.0,27.87,8.3,140.0
2025-05-30 06:00:00,0.6339999999999999,2.2,3.0,5.2,19.0,32.0,19.0,721.9,0,80.0,3.9,0.0,24.77,5.3,75.0
2025-05-30 12:00:00,1.426,5.0,3.7,8.7,21.0,47.0,30.0,722.9,0,78.0,3.9,0.057,26.17,3.8,146.0
2025-05-30 18:00:00,0.478,11.3,11.1,22.4,15.0,26.0,16.0,722.5,0,88.0,3.7,0.04299999999999999,23.16,5.7,332.0
2025-05-31 00:00:00,1.184,2.6,7.4,10.1,16.0,19.0,21.4,722.9,0,87.0,3.6,0.001000000000000001,22.62,5.4,354.0
2025-05-31 06:00:00,1.366,9.8,5.6,15.4,13.0,27.0,13.0,722.8,0,86.0,3.9,0.002000000000000016,22.1,1.5,339.0
2025-05-31 12:00:00,0.6619999999999999,3.4,4.9,8.4,49.0,29.0,15.0,723.0,0,57.0,5.2,0.448,29.08,4.7,161.0
2025-05-31 18:00:00,0.858,4.3,5.8,10.1,35.0,36.0,17.0,721.9,0,58.0,4.3,0.083,28.98,5.6,163.0
2025-06-01 00:00:00,1.152,2.2,2.3,4.7,26.4,38.4,17.0,723.4599999999999,0,71.6,14.82,0.0,22.524,9.22,119.6
2025-06-01 06:00:00,1.0,4.9,5.4,10.3,16.0,34.0,17.0,721.9,0,82.0,3.3,0.001000000000000001,24.09,2.399999999999999,209.0
2025-06-01 12:00:00,0.6639999999999999,2.8,3.7,6.5,53.0,31.0,18.0,721.9,0,51.0,3.7,0.537,32.1,6.9,148.0
2025-06-01 18:00:00,0.5280000000000001,3.8,4.4,8.2,38.0,30.0,15.0,720.8,0,48.0,4.0,0.117,32.59,8.7,205.0
2025-06-02 00:00:00,0.59,2.1,2.7,4.8,24.0,37.0,17.0,721.6,0,71.0,3.9,0.001000000000000001,27.04,9.5,106.0
2025-06-02 06:00:00,1.344,2.1,1.7,3.8,17.0,66.0,32.0,721.3,0,85.0,3.4,0.001000000000000001,24.2,2.5,64.0
2025-06-02 12:00:00,0.6920000000000001,3.0,2.6,5.6,39.0,59.0,32.0,721.6,0,65.0,6.7,0.406,30.09,8.9,110.0
2025-06-02 18:00:00,0.7199999999999999,4.3,5.5,9.8,34.0,55.0,25.8,720.6,0,49.0,3.5,0.107,34.27,7.5,156.0
2025-06-03 00:00:00,0.6940000000000001,3.2,2.4,5.6,22.0,39.0,23.0,721.4,0,79.0,3.8,0.0,26.97,7.7,154.0
2025-06-03 06:00:00,0.6179999999999999,2.1,1.7,3.8,19.0,32.0,19.0,720.7,0,85.0,3.6,0.0,24.89,7.6,88.0
2025-06-03 12:00:00,0.77,2.4,3.1,5.6,54.0,54.0,36.0,721.1,0,66.0,4.2,0.424,29.8,7.3,103.0
2025-06-03 18:00:00,1.106,3.1,6.7,9.8,50.0,62.0,30.0,720.5,0,56.0,3.8,0.04099999999999999,32.56,5.1,208.0
2025-06-04 00:00:00,0.604,2.5,5.1,7.6,35.0,35.0,18.0,721.0,0,65.0,3.7,0.0,27.57,6.8,149.0
2025-06-04 06:00:00,1.024,5.3,4.0,9.2,17.0,43.0,26.0,720.8,0,83.0,5.14,0.0,25.66,5.5,153.0
2025-06-04 12:00:00,1.088,2.8,1.8,4.5,26.0,48.0,27.0,721.5,0,79.0,3.8,0.146,27.43,7.5,113.0
2025-06-04 18:00:00,1.064,3.5,3.6,7.1,38.0,48.0,32.0,720.6,0,52.0,4.2,0.159,34.4,6.7,154.0
2025-06-05 00:00:00,0.892,2.92,2.36,5.16,26.2,16.40000000000001,10.6,722.36,0,70.0,4.32,0.1148,29.032,8.3,133.0
2025-06-05 06:00:00,0.892,2.92,2.36,5.16,26.2,16.40000000000001,10.6,722.36,0,70.0,4.32,0.1148,29.032,8.3,133.0
2025-06-05 12:00:00,0.766,3.3,2.2,5.5,38.0,34.0,18.0,721.6,0,61.0,6.2,0.399,31.44,4.7,177.0
2025-06-05 18:00:00,0.5740000000000001,2.9,2.6,5.5,37.0,34.0,13.8,720.7,0,39.0,4.4,0.165,35.78,14.4,126.0
2025-06-06 00:00:00,0.958,2.1,1.8,3.899999999999999,26.0,29.0,13.0,722.1,0,69.0,27.7,0.0,27.81,13.5,122.0
2025-06-06 06:00:00,0.978,2.2,2.1,4.3,20.0,32.0,13.0,721.9,0,80.0,9.1,0.0,24.75,7.7,94.0
2025-06-06 12:00:00,0.6859999999999999,4.0,2.4,6.4,31.0,32.0,14.0,721.9,0,62.0,4.3,0.456,30.05,7.5,171.0
2025-06-06 18:00:00,0.6060000000000001,2.5,2.0,4.6,41.0,34.0,12.6,721.0,0,35.0,4.5,0.167,35.24,13.7,120.0
2025-06-07 00:00:00,0.6739999999999999,2.4,1.9,4.3,26.0,30.0,13.0,721.7,0,67.0,4.2,0.0,28.02,8.1,125.0
2025-06-07 06:00:00,0.612,2.26,2.2,4.3,23.0,35.0,16.0,721.4,0,74.0,4.6,0.0,24.91,5.3,69.0
2025-06-07 12:00:00,0.7160000000000001,2.4,1.3,3.8,43.0,39.0,21.0,721.7,0,58.0,4.1,0.541,30.59,4.6,98.0
2025-06-07 18:00:00,0.6679999999999999,3.8,3.9,7.7,37.0,36.0,21.8,720.5,0,38.0,4.6,0.182,36.89,10.2,137.0
2025-06-08 00:00:00,1.01,3.4,4.0,7.4,21.0,39.0,15.0,721.4,0,60.0,5.1,0.0,28.76,7.2,140.0
2025-06-08 06:00:00,0.6260000000000001,2.1,1.7,3.8,23.0,26.0,15.4,721.1,0,72.0,4.9,0.001000000000000001,23.54,3.7,82.0
2025-06-08 12:00:00,0.6340000000000001,2.5,1.5,4.0,43.0,42.0,16.0,721.3,0,54.0,7.2,0.533,31.12,5.7,128.0
2025-06-08 18:00:00,0.62,2.4,1.6,4.0,43.0,36.0,20.0,720.2,0,37.0,5.8,0.17,36.67,13.7,117.0
2025-06-09 00:00:00,0.6719999999999999,3.3,3.3,6.5,20.0,33.0,15.0,720.8,0,63.0,4.3,0.0,28.75,8.3,136.0
2025-06-09 06:00:00,0.5680000000000001,2.2,2.1,4.3,20.0,24.0,11.0,720.8,0,78.0,4.2,0.001000000000000001,24.27,4.0,22.0
2025-06-09 12:00:00,0.756,3.5,2.6,6.1,46.0,46.0,26.0,721.3,0,59.0,12.4,0.491,31.0,5.5,151.0
2025-06-09 18:00:00,0.604,4.2,4.0,8.2,32.0,37.0,22.0,720.4,0,43.0,4.7,0.117,35.11,8.4,163.0
2025-06-10 00:00:00,0.648,2.7,1.8,4.5,23.0,27.0,16.0,721.3,0,72.0,4.0,0.0,28.43,7.8,126.0
2025-06-10 06:00:00,0.6339999999999999,2.4,1.8,4.3,23.0,33.0,24.0,721.3,0,82.0,3.7,0.0,26.17,7.0,85.0
2025-06-10 12:00:00,0.778,3.4,1.8,5.2,38.0,49.0,32.0,722.0,0,61.0,3.9,0.4,31.6,4.6,132.0
2025-06-10 18:00:00,0.7080000000000001,3.7,3.4,7.1,37.0,58.0,34.0,721.0,0,51.0,4.5,0.07,32.89,9.7,193.0
2025-06-11 00:00:00,0.6439999999999999,2.7,2.2,4.899999999999999,24.0,38.0,20.0,721.3,0,73.0,4.1,0.0,27.73,4.6,99.0
2025-06-11 06:00:00,0.948,2.2,2.0,4.2,40.0,10.0,5.0,722.5,0,85.0,3.9,0.001000000000000001,21.63,11.0,327.0
2025-06-11 12:00:00,0.568,3.4,2.8,6.2,46.0,21.0,7.0,721.9,0,54.0,4.2,0.478,29.5,11.5,154.0
2025-06-11 18:00:00,0.62,3.8,2.8,6.6,32.0,25.0,13.0,721.2,0,51.0,4.5,0.171,31.74,13.7,134.0
2025-06-12 00:00:00,0.714,3.0,3.4,6.4,20.0,39.0,19.0,721.7,0,71.0,4.3,0.0,27.46,4.9,143.0
2025-06-12 06:00:00,1.362,4.9,2.7,7.5,16.0,38.0,17.0,721.1,0,85.0,3.9,0.0,26.1,3.4,181.0
2025-06-12 12:00:00,0.786,2.8,1.8,4.6,54.0,40.0,28.0,721.3,0,58.0,3.7,0.498,31.59,8.3,117.0
2025-06-12 18:00:00,1.006,3.4,3.2,6.5,42.0,35.0,23.0,720.5,0,47.0,4.6,0.183,34.51,8.5,150.0
2025-06-13 00:00:00,0.892,2.92,2.36,5.16,26.2,16.40000000000001,10.6,722.36,0,70.0,4.32,0.1148,29.032,8.3,133.0
2025-06-13 06:00:00,1.256,3.5,5.5,9.0,19.0,30.0,13.0,721.3,0,77.0,4.5,0.001000000000000001,23.42,1.100000000000001,332.0
2025-06-13 12:00:00,0.732,2.8,2.4,5.2,48.0,40.0,26.0,721.7,0,61.0,8.5,0.529,30.04,6.2,144.0
2025-06-13 18:00:00,0.9319999999999999,2.6,2.2,4.8,45.0,39.0,26.0,720.7,0,44.0,7.1,0.167,35.0,9.4,116.0
2025-06-14 00:00:00,0.978,2.8,4.4,7.2,24.0,45.0,24.0,721.6,0,60.0,4.1,0.0,28.42,7.9,121.0
2025-06-14 06:00:00,0.6699999999999999,2.2,1.5,3.7,29.0,41.0,31.0,721.8,0,77.0,3.9,0.0,25.99,8.4,100.0
2025-06-14 12:00:00,0.766,3.2,2.3,5.5,41.0,43.0,26.0,722.0,0,55.0,3.6,0.413,31.99,4.2,162.0
2025-06-14 18:00:00,0.886,4.0,2.6,6.6,31.0,35.0,14.0,721.3,0,38.0,4.2,0.179,35.83,10.6,181.0
2025-06-15 00:00:00,0.576,2.2,2.1,4.3,26.0,29.0,16.0,722.3,0,72.0,7.9,0.0,25.88,9.8,96.0
2025-06-15 06:00:00,0.6399999999999999,2.2,1.4,3.6,23.0,33.0,23.0,722.1,0,83.0,13.1,0.001000000000000001,24.97,9.3,106.0
2025-06-15 12:00:00,0.566,3.1,1.8,4.899999999999999,37.0,31.0,22.0,722.3,0,59.0,3.6,0.453,30.58,8.7,163.0
2025-06-15 18:00:00,0.636,2.6,1.6,4.2,39.0,19.0,13.0,721.4,0,38.0,4.1,0.178,35.33,12.3,123.0
2025-06-16 00:00:00,0.5239999999999999,2.3,1.7,4.0,25.0,25.0,11.0,722.4,0,69.0,4.5,0.0,27.19,10.2,112.0
2025-06-16 06:00:00,0.608,2.3,2.4,4.7,22.0,25.0,13.0,722.2,0,80.0,4.2,0.0,23.42,4.5,107.0
2025-06-16 12:00:00,0.684,2.4,2.4,4.899999999999999,62.0,42.0,20.0,722.2,0,50.0,14.4,0.539,31.9,8.3,130.0
2025-06-16 18:00:00,0.648,2.5,1.7,4.3,39.0,36.0,17.0,721.1,0,34.0,3.9,0.175,35.44,15.1,123.0
2025-06-17 00:00:00,1.33,2.1,2.5,4.6,27.0,26.0,12.0,721.7,0,53.0,10.5,0.0,29.36,2.0,83.0
2025-06-17 06:00:00,0.5379999999999999,2.0,2.9,4.899999999999999,27.0,18.0,7.0,721.5,0,68.0,4.9,0.001000000000000001,23.56,5.9,74.0
2025-06-17 12:00:00,0.568,3.1,2.3,5.399999999999999,41.0,36.0,10.0,721.8,0,48.0,4.6,0.54,31.1,12.5,152.0
2025-06-17 18:00:00,0.576,3.5,2.8,6.3,33.0,38.0,11.0,720.7,0,38.0,3.8,0.179,33.69,15.6,141.0
2025-06-18 00:00:00,0.962,2.0,1.8,3.899999999999999,35.0,19.0,8.0,721.4,0,55.0,3.7,0.0,27.2,8.6,120.0
2025-06-18 06:00:00,0.542,2.12,2.0,4.0,25.0,20.0,7.0,721.0,0,69.0,3.7,0.001000000000000001,22.65,3.5,30.0
2025-06-18 12:00:00,0.568,3.2,1.8,5.0,35.0,41.0,12.0,721.5,0,42.0,4.1,0.543,32.4,10.1,141.0
2025-06-18 18:00:00,0.6160000000000001,3.1,2.2,5.3,34.0,42.0,9.0,720.8,0,34.0,3.8,0.102,34.97,17.7,127.0
2025-06-19 00:00:00,0.9139999999999999,2.3,2.0,4.3,28.0,23.0,9.0,722.1,0,57.0,4.0,0.0,28.46,10.5,132.0
2025-06-19 06:00:00,0.9560000000000001,2.2,2.1,4.3,19.0,27.0,12.0,722.3,0,76.0,5.5,0.001000000000000001,23.58,7.9,111.0
2025-06-19 12:00:00,0.5579999999999999,2.6,1.2,3.899999999999999,37.0,37.0,6.0,722.6,0,44.0,3.7,0.536,32.34,17.4,122.0
2025-06-19 18:00:00,0.56,2.5,2.0,4.5,34.0,33.0,7.0,722.2,0,73.0,4.2,0.049,26.52,10.7,90.0
2025-06-20 00:00:00,0.536,2.3,2.2,4.399999999999999,26.0,21.0,5.0,722.9,0,76.0,3.8,0.0,25.31,7.2,101.0
2025-06-20 06:00:00,1.244,2.4,1.8,4.2,18.0,13.0,7.999999999999998,722.7,0,86.0,4.5,0.001000000000000001,23.19,7.5,113.0
2025-06-20 12:00:00,0.644,3.5,1.8,5.3,30.0,22.0,8.0,722.8,0,66.0,4.5,0.283,28.0,8.3,144.0
2025-06-20 18:00:00,1.052,4.3,2.3,6.6,27.0,26.0,6.0,721.9,0,61.0,5.0,0.193,28.79,11.0,174.0
2025-06-21 00:00:00,0.57,2.3,1.6,3.899999999999999,20.0,13.0,5.0,722.5,0,83.0,5.6,0.0,24.02,10.0,106.0
2025-06-21 06:00:00,0.576,2.2,1.100000000000001,3.3,23.0,13.99999999999999,9.0,722.3,0,83.0,3.6,0.0,23.05,10.6,120.0
2025-06-21 12:00:00,0.622,3.2,1.5,4.7,27.0,19.0,6.0,722.5,0,70.0,3.7,0.258,26.87,8.7,135.0
2025-06-21 18:00:00,0.568,2.4,1.2,3.6,31.0,15.0,5.0,721.5,0,63.0,5.8,0.09,28.68,16.6,120.0
2025-06-22 00:00:00,0.51,2.3,1.3,3.7,24.0,13.99999999999999,7.0,722.3,0,76.0,3.7,0.0,24.64,13.9,129.0
2025-06-22 06:00:00,0.88,2.3,1.0,3.3,21.0,13.0,8.0,722.2,0,84.0,3.6,0.001000000000000001,23.2,8.2,126.0
2025-06-22 12:00:00,0.5240000000000001,3.5,1.2,4.6,30.0,13.99999999999999,7.0,722.5,0,56.0,3.9,0.407,29.06,10.6,138.0
2025-06-22 18:00:00,0.676,3.0,1.8,4.8,30.0,22.0,8.0,721.9,0,49.0,3.8,0.106,30.9,17.2,140.0
2025-06-23 00:00:00,0.51,2.5,1.5,4.0,27.0,15.0,8.0,722.9,0,66.0,3.8,0.0,25.71,10.8,150.0
2025-06-23 06:00:00,1.242,3.9,2.7,6.6,16.0,23.0,11.0,722.7,0,85.0,3.8,0.002000000000000016,22.46,5.9,136.0
2025-06-23 12:00:00,0.5579999999999999,3.6,1.5,5.1,28.0,44.0,14.0,722.8,0,47.0,3.7,0.521,31.72,16.2,140.0
2025-06-23 18:00:00,0.992,3.1,1.6,4.7,33.0,70.0,12.0,722.6,0,53.0,7.2,0.17,30.04,20.6,133.0
2025-06-24 00:00:00,0.506,2.2,1.7,3.899999999999999,28.0,13.0,5.0,723.5,0,73.0,3.8,0.0,24.01,9.4,123.0
2025-06-24 06:00:00,1.154,2.3,1.8,4.0,18.0,19.0,10.0,723.1,0,86.0,3.9,0.0,21.76,5.6,75.0
2025-06-24 12:00:00,1.152,2.2,2.3,4.7,26.4,38.4,17.0,723.4599999999999,0,71.6,14.82,0.0,22.524,9.22,119.6
2025-06-24 18:00:00,0.998,2.4,1.100000000000001,3.5,37.0,37.0,9.0,722.3,0,43.0,7.8,0.176,32.08,20.5,117.0
2025-06-25 00:00:00,0.506,2.1,1.3,3.399999999999999,26.0,25.0,8.0,723.4,0,67.0,3.8,0.0,26.04,10.0,121.0
2025-06-25 06:00:00,1.652,2.2,2.1,4.2,16.0,24.0,16.0,722.9,0,82.0,7.5,0.001000000000000001,22.42,2.9,46.00000000000001
2025-06-25 12:00:00,0.568,2.6,1.4,4.0,35.0,31.0,12.4,722.9,0,49.0,4.5,0.503,31.36,9.5,130.0
2025-06-25 18:00:00,0.648,2.8,1.7,4.5,35.0,31.0,8.0,721.7,0,31.0,3.8,0.176,34.97,15.6,127.0
2025-06-26 00:00:00,0.944,2.2,2.0,4.2,25.0,23.0,9.600000000000001,722.7,0,59.0,3.8,0.0,27.05,8.6,127.0
2025-06-26 06:00:00,0.994,3.9,4.0,8.0,14.0,25.0,12.0,722.3,0,76.0,4.7,0.0,21.92,0.9000000000000004,84.0
2025-06-26 12:00:00,0.568,2.5,1.4,3.8,42.0,23.0,8.0,722.7,0,44.0,4.3,0.486,30.29,11.6,127.0
2025-06-26 18:00:00,0.514,3.4,2.8,6.1,34.0,27.0,7.0,721.7,0,35.0,4.9,0.112,32.99,12.4,134.0
2025-06-27 00:00:00,0.578,2.1,1.6,3.7,30.0,17.0,7.0,722.4,0,66.0,3.9,0.0,26.02,10.2,126.0
2025-06-27 06:00:00,0.96,2.48,1.4,3.5,20.0,12.0,9.000000000000004,722.3,0,82.0,4.3,0.001000000000000001,23.02,5.9,102.0
2025-06-27 12:00:00,0.566,2.8,1.5,4.3,37.0,26.0,13.0,722.7,0,53.0,4.0,0.423,30.35,8.2,135.0
2025-06-27 18:00:00,1.246,4.4,3.2,7.7,27.0,52.0,13.0,721.7,0,42.0,4.1,0.099,32.05,8.5,192.0
2025-06-28 00:00:00,0.51,2.1,1.0,3.1,25.0,17.0,7.0,722.8,0,69.0,3.8,0.0,26.64,10.5,115.0
2025-06-28 06:00:00,0.952,2.28,1.100000000000001,3.3,19.0,13.99999999999999,8.0,722.8,0,78.0,5.7,0.0,24.32,6.0,95.0
2025-06-28 12:00:00,0.586,2.5,1.100000000000001,3.6,37.0,26.0,12.0,722.8,0,59.0,4.2,0.385,29.74,6.1,113.0
2025-06-28 18:00:00,0.9139999999999999,5.3,3.2,8.5,24.0,26.0,9.0,721.7,0,38.0,4.1,0.092,33.64,9.4,163.0
2025-06-29 00:00:00,0.51,2.1,0.7999999999999998,2.899999999999999,26.0,16.0,8.0,722.8,0,69.0,3.8,0.0,27.09,13.3,122.0
2025-06-29 06:00:00,0.948,2.8,1.4,3.6,19.0,16.0,8.0,722.3,0,84.0,3.8,0.0,23.73,5.4,118.0
2025-06-29 12:00:00,0.6359999999999999,2.5,1.100000000000001,3.7,35.0,22.0,13.0,722.3,0,53.0,16.4,0.537,30.96,7.3,122.0
2025-06-29 18:00:00,0.9819999999999999,2.9,1.6,4.5,29.0,17.0,4.0,721.8,0,60.0,6.5,0.079,28.68,9.6,140.0
2025-06-30 00:00:00,0.894,2.6,2.1,4.7,22.0,13.99999999999999,5.0,722.3,0,78.0,4.0,0.0,23.78,7.8,145.0
2025-06-30 06:00:00,0.9339999999999999,3.2,2.0,5.3,16.0,11.0,7.0,722.2,0,86.0,3.9,0.001000000000000001,22.79,7.1,133.0
2025-06-30 12:00:00,0.648,3.4,1.6,5.0,27.0,18.0,7.0,722.3,0,73.0,4.0,0.295,26.63,6.4,148.0
2025-06-30 18:00:00,0.57,2.359999999999999,1.8,4.399999999999999,24.0,12.0,5.0,721.9,0,84.0,5.5,0.032,23.61,9.6,106.0
